ASTM FITTING,PLUMBING & SANITATION,FITTINGS,ASTM FITTING,US2339,"48.26MM (11/2"") BLUE HANDLE UPVC BV (P90)",No.s,67.50,PRICE PER NO.,BALL VALVE ACCESSORIES - BLUE HANDLE,90,ASTM BALL VALVE ACCESSORIES - BLUE HANDLE,Bracket incomplete
ASTM FITTING,PLUMBING & SANITATION,FITTINGS,ASTM FITTING,US1559,"26.67X21.34MM(3/4X1/2"")RED SH80(P320)",No.s,13.50,PRICE PER NO.,REDUCER,320,ASTM REDUCER,Changes
ASTM FITTING,PLUMBING & SANITATION,FITTINGS,ASTM FITTING,US1114,"42.16X26.67MM(11/4X3/4"")R.BUSH SH80(P120)",No.s,20.50,PRICE PER NO.,REDUCING BUSH,120,ASTM REDUCING BUSH,Bracket incomplete
ASTM FITTING,PLUMBING & SANITATION,FITTINGS,ASTM FITTING,US1117,"48.26X21.34MM(11/2 X1/2"")R.BUSH SH80(P100)",No.s,27.50,PRICE PER NO.,REDUCING BUSH,100,ASTM REDUCING BUSH,Material description is not proper
ASTM FITTING,PLUMBING & SANITATION,FITTINGS,ASTM FITTING,US1118,"48.26X26.67MM(11/2 X3/4"")R.BUSH SH80(P90)",No.s,28.00,PRICE PER NO.,REDUCING BUSH,90,ASTM REDUCING BUSH,Bracket incomplete
ASTM FITTING,PLUMBING & SANITATION,FITTINGS,ASTM FITTING,US1122,"48.26X42.16MM(11/2X11/4"")R.BUSH SH80(200)",No.s,13.00,PRICE PER NO.,REDUCING BUSH,200,ASTM REDUCING BUSH,Bracket incomplete
ASTM FITTING,PLUMBING & SANITATION,FITTINGS,ASTM FITTING,US1228,"26.67X21.34MM(3/4X1/2"")BRASS ELBOW(P160)",No.s,134.50,PRICE PER NO.,REDUCING BRASS ELBOW 90 DEG,160,ASTM REDUCING ELBOW  90° - BRASS INSERT,Changes
ASTM FITTING,PLUMBING & SANITATION,FITTINGS,ASTM FITTING,US1229,"33.40X21.34MM(1X1/2"")BRASS ELBOW (P135)",No.s,148.00,PRICE PER NO.,REDUCING BRASS ELBOW 90 DEG,135,ASTM REDUCING ELBOW  90° - BRASS INSERT,Changes
ASTM FITTING,PLUMBING & SANITATION,FITTINGS,ASTM FITTING,US1233,"33.40X26.67MM (1X3/4"") BRASS ELBOW (P25)",No.s,179.00,PRICE PER NO.,REDUCING BRASS ELBOW 90 DEG,25,ASTM REDUCING ELBOW  90° - BRASS INSERT,Changes
ASTM FITTING,PLUMBING & SANITATION,FITTINGS,ASTM FITTING,US1355,"26.67X21.34MM(3/4X1/2"")BRASS M.T.A.(P144)",No.s,160.00,PRICE PER NO.,REDUCING BRASS (M.T.A.),144,ASTM REDUCING MALE THREADED ADAPTER (M.T.A.) BRASS INSERT,Bracket incomplete
ASTM FITTING,PLUMBING & SANITATION,FITTINGS,ASTM FITTING,US1288,"26.67X21.34MM(3/4X1/2"")BRASS F.T.A.(P180)",No.s,114.50,PRICE PER NO.,REDUCING BRASS (F.T.A.),180,ASTM REDUCING  FEMALE THREADED ADAPTER (F.T.A.) BRASS INSERT,Bracket incomplete
SWR FITTINGS WITH INTEGRATED RING,PLUMBING & SANITATION,FITTINGS,SWR FITTING WITH IRR,IF1111,75MMX87.5° BEND WITH INT RING (P27),No.s,104.50,PRICE PER NO.,PLAIN BEND - 87.5 DEG,27,SWR IRR BEND 87.5° - PLAIN,Material Description is not given in app
SWR FITTINGS WITH INTEGRATED RING,PLUMBING & SANITATION,FITTINGS,SWR FITTING WITH IRR,IF1112,90MM X87.5° BEND WITH INT RING (P26),No.s,138.00,PRICE PER NO.,PLAIN BEND - 87.5 DEG,26,SWR IRR BEND 87.5° - PLAIN,Material Description is not given in app
SWR FITTINGS WITH INTEGRATED RING,PLUMBING & SANITATION,FITTINGS,SWR FITTING WITH IRR,IF1113,110MMX87.5° BEND WITH INT RING (P17),No.s,181.50,PRICE PER NO.,PLAIN BEND - 87.5 DEG,17,SWR IRR BEND 87.5° - PLAIN,Material Description is not given in app
SWR FITTINGS WITH INTEGRATED RING,PLUMBING & SANITATION,FITTINGS,SWR FITTING WITH IRR,IF1114,160MMX87.5° BEND WITH INT RING (P7),No.s,438.50,PRICE PER NO.,PLAIN BEND - 87.5 DEG,7,SWR IRR BEND 87.5° - PLAIN,Material Description is not given in app
SWR FITTINGS WITH INTEGRATED RING,PLUMBING & SANITATION,FITTINGS,SWR FITTING WITH IRR,IF1115,75MMX87.5°BEND (DOOR)WITH INT RING (P21),No.s,131.00,PRICE PER NO.,DOOR BEND - 87.5 DEG,21,SWR IRR BEND 87.5° - DOOR,Material Description is not given in app
SWR FITTINGS WITH INTEGRATED RING,PLUMBING & SANITATION,FITTINGS,SWR FITTING WITH IRR,IF1116,90MM X87.5° BEND(DOOR)WITH INT RING(P24),No.s,168.00,PRICE PER NO.,DOOR BEND - 87.5 DEG,24,SWR IRR BEND 87.5° - DOOR,Material Description is not given in app
SWR FITTINGS WITH INTEGRATED RING,PLUMBING & SANITATION,FITTINGS,SWR FITTING WITH IRR,IF1117,110MMX87.5°BEND (DOOR)WITH INT RING(P15),No.s,222.00,PRICE PER NO.,DOOR BEND - 87.5 DEG,15,SWR IRR BEND 87.5° - DOOR,Material Description is not given in app
SWR FITTINGS WITH INTEGRATED RING,PLUMBING & SANITATION,FITTINGS,SWR FITTING WITH IRR,IF1118,160MMX87.5° BEND (DOOR)WITH INT RING(P7),No.s,475.50,PRICE PER NO.,DOOR BEND - 87.5 DEG,7,SWR IRR BEND 87.5° - DOOR,Material Description is not given in app
SWR FITTINGS WITH INTEGRATED RING,PLUMBING & SANITATION,FITTINGS,SWR FITTING WITH IRR,IF1119,75MMX45° BEND WITH INTEGRATED RING (P36),No.s,97.50,PRICE PER NO.,PLAIN BEND - 45 DEG,36,SWR IRR BEND 45° - PLAIN,Material Description is not given in app
SWR FITTINGS WITH INTEGRATED RING,PLUMBING & SANITATION,FITTINGS,SWR FITTING WITH IRR,IF1122,90MM X45° BEND WITH INTEGRATED RING(P32),No.s,124.50,PRICE PER NO.,PLAIN BEND - 45 DEG,32,SWR IRR BEND 45° - PLAIN,Material Description is not given in app
SWR FITTINGS WITH INTEGRATED RING,PLUMBING & SANITATION,FITTINGS,SWR FITTING WITH IRR,IF1123,110MMX45° BEND WITH INT RING (P24),No.s,156.50,PRICE PER NO.,PLAIN BEND - 45 DEG,24,SWR IRR BEND 45° - PLAIN,Material Description is not given in app
SWR FITTINGS WITH INTEGRATED RING,PLUMBING & SANITATION,FITTINGS,SWR FITTING WITH IRR,IF1124,160MMX45° BEND WITH INTEGRATED RING (P8),No.s,373.00,PRICE PER NO.,PLAIN BEND - 45 DEG,8,SWR IRR BEND 45° - PLAIN,Material Description is not given in app
SWR FITTINGS WITH INTEGRATED RING,PLUMBING & SANITATION,FITTINGS,SWR FITTING WITH IRR,IF1125,110MMX87.5°BEND (SIDE DOOR LH) WIR (P11),No.s,256.00,PRICE PER NO.,SIDE DOOR BEND LEFT HAND - 87.5 DEG,11,SWR IRR BEND - SIDE DOOR LEFT HAND,Material Description is not given in app
SWR FITTINGS WITH INTEGRATED RING,PLUMBING & SANITATION,FITTINGS,SWR FITTING WITH IRR,IF1126,110MMX87.5°BEND (SIDE DOOR RH) WIR (P11),No.s,257.50,PRICE PER NO.,SIDE DOOR BEND RIGHT HAND - 87.5 DEG,11,SWR IRR BEND - SIDE DOOR RIGHT HAND,Material Description is not given in app
SWR SELFIT FITTING,PLUMBING & SANITATION,FITTINGS,SWR SELFIT FITTING,SF1111,50MMX87.5° BEND (S/F) G (P100),No.s,31.00,PRICE PER NO.,PLAIN BEND - 87.5 DEG,100,SWR SELFIT BEND 87.5° - PLAIN,Material Description is not given in app
SWR SELFIT FITTING,PLUMBING & SANITATION,FITTINGS,SWR SELFIT FITTING,SF1112,63MMX87.5° BEND (S/F) G (P45),No.s,59.00,PRICE PER NO.,PLAIN BEND - 87.5 DEG,45,SWR SELFIT BEND 87.5° - PLAIN,Material Description is not given in app
SWR SELFIT FITTING,PLUMBING & SANITATION,FITTINGS,SWR SELFIT FITTING,SF1113,75MMX87.5° BEND (S/F) G (P36),No.s,79.50,PRICE PER NO.,PLAIN BEND - 87.5 DEG,36,SWR SELFIT BEND 87.5° - PLAIN,Material Description is not given in app
SWR SELFIT FITTING,PLUMBING & SANITATION,FITTINGS,SWR SELFIT FITTING,SF1114,90MMX87.5° BEND (S/F) G (P25),No.s,125.00,PRICE PER NO.,PLAIN BEND - 87.5 DEG,25,SWR SELFIT BEND 87.5° - PLAIN,Material Description is not given in app
SWR SELFIT FITTING,PLUMBING & SANITATION,FITTINGS,SWR SELFIT FITTING,SF1115,110MMX87.5°BEND (S/F) G (P24),No.s,144.50,PRICE PER NO.,PLAIN BEND - 87.5 DEG,24,SWR SELFIT BEND 87.5° - PLAIN,Material Description is not given in app
SWR SELFIT FITTING,PLUMBING & SANITATION,FITTINGS,SWR SELFIT FITTING,SF1116,160MMX87.5° BEND (S/F) G (P8),No.s,362.00,PRICE PER NO.,PLAIN BEND - 87.5 DEG,8,SWR SELFIT BEND 87.5° - PLAIN,Material Description is not given in app
SWR SELFIT FITTING,PLUMBING & SANITATION,FITTINGS,SWR SELFIT FITTING,SF1117,50MMX87.5° BEND (DOOR) (S/F) G (P80),No.s,39.00,PRICE PER NO.,DOOR BEND - 87.5 DEG,80,SWR SELFIT BEND 87.5° - DOOR,Material Description is not given in app
SWR SELFIT FITTING,PLUMBING & SANITATION,FITTINGS,SWR SELFIT FITTING,SF1118,63MMX87.5° BEND (DOOR) (S/F) G (P35),No.s,102.00,PRICE PER NO.,DOOR BEND - 87.5 DEG,35,SWR SELFIT BEND 87.5° - DOOR,Material Description is not given in app
SWR SELFIT FITTING,PLUMBING & SANITATION,FITTINGS,SWR SELFIT FITTING,SF1119,75MMX87.5° BEND (DOOR) (S/F) G (P25),No.s,106.00,PRICE PER NO.,DOOR BEND - 87.5 DEG,25,SWR SELFIT BEND 87.5° - DOOR,Material Description is not given in app
SWR SELFIT FITTING,PLUMBING & SANITATION,FITTINGS,SWR SELFIT FITTING,SF1122,90MMX87.5° BEND (DOOR) (S/F) G (P24),No.s,160.50,PRICE PER NO.,DOOR BEND - 87.5 DEG,24,SWR SELFIT BEND 87.5° - DOOR,Material Description is not given in app
SWR SELFIT FITTING,PLUMBING & SANITATION,FITTINGS,SWR SELFIT FITTING,SF1123,110MMX87.5°BEND (DOOR) (S/F) G (P18),No.s,177.50,PRICE PER NO.,DOOR BEND - 87.5 DEG,18,SWR SELFIT BEND 87.5° - DOOR,Material Description is not given in app
SWR SELFIT FITTING,PLUMBING & SANITATION,FITTINGS,SWR SELFIT FITTING,SF1124,160MMX87.5° BEND (DOOR) (S/F) G (P8),No.s,403.50,PRICE PER NO.,DOOR BEND - 87.5 DEG,8,SWR SELFIT BEND 87.5° - DOOR,Material Description is not given in app
SWR SELFIT FITTING,PLUMBING & SANITATION,FITTINGS,SWR SELFIT FITTING,SF1138,110MM BEND(DOOR)DBL SOCKET S/F SWR G(P18),No.s,171.50,PRICE PER NO.,BEND DOOR DOUBLE SOCKET,18,SWR SELFIT BEND DOUBLE SOCKET - DOOR,Bracket incomplete
SWR SELFIT FITTING,PLUMBING & SANITATION,FITTINGS,SWR SELFIT FITTING,SF1139,40MMX45° BEND (S/F) G (P100),No.s,15.50,PRICE PER NO.,BEND 45 DEG,100,SWR SELFIT BEND 45° -  PLAIN,Material Description is not given in app
SWR SELFIT FITTING,PLUMBING & SANITATION,FITTINGS,SWR SELFIT FITTING,SF1144,50MMX45° BEND (S/F) G (P50),No.s,23.50,PRICE PER NO.,BEND 45 DEG,50,SWR SELFIT BEND 45° -  PLAIN,Material Description is not given in app
SWR SELFIT FITTING,PLUMBING & SANITATION,FITTINGS,SWR SELFIT FITTING,SF1145,63MMX45° BEND (S/F) G (P60),No.s,45.00,PRICE PER NO.,BEND 45 DEG,60,SWR SELFIT BEND 45° -  PLAIN,Material Description is not given in app
SWR SELFIT FITTING,PLUMBING & SANITATION,FITTINGS,SWR SELFIT FITTING,SF1146,75MMX45° BEND (S/F) G (P40),No.s,56.50,PRICE PER NO.,BEND 45 DEG,40,SWR SELFIT BEND 45° -  PLAIN,Material Description is not given in app
SWR SELFIT FITTING,PLUMBING & SANITATION,FITTINGS,SWR SELFIT FITTING,SF1147,90MMX45° BEND (S/F) G (P36),No.s,93.50,PRICE PER NO.,BEND 45 DEG,36,SWR SELFIT BEND 45° -  PLAIN,Material Description is not given in app
SWR SELFIT FITTING,PLUMBING & SANITATION,FITTINGS,SWR SELFIT FITTING,SF1148,110MMX45° BEND (S/F) G (P32),No.s,108.00,PRICE PER NO.,BEND 45 DEG,32,SWR SELFIT BEND 45° -  PLAIN,Material Description is not given in app
SWR SELFIT FITTING,PLUMBING & SANITATION,FITTINGS,SWR SELFIT FITTING,SF1149,140MMX45° BEND (S/F) G (P9),No.s,211.50,PRICE PER NO.,BEND 45 DEG,9,SWR SELFIT BEND 45° -  PLAIN,Material Description is not given in app
SWR SELFIT FITTING,PLUMBING & SANITATION,FITTINGS,SWR SELFIT FITTING,SF1155,160MMX45° BEND (S/F) G (P9),No.s,325.50,PRICE PER NO.,BEND 45 DEG,9,SWR SELFIT BEND 45° -  PLAIN,Material Description is not given in app
SWR SELFIT FITTING,PLUMBING & SANITATION,FITTINGS,SWR SELFIT FITTING,SF1157,110MMX45° BEND DOUBLE SOCKET S/F G(P32),No.s,203.00,PRICE PER NO.,BEND 45 DEG - DOUBLE SOCKET,32,SWR SELFIT BEND 45° -  DOUBLE SOCKET,Material Description is not given in app
SWR SELFIT FITTING,PLUMBING & SANITATION,FITTINGS,SWR SELFIT FITTING,SF1156,75MMX45° BEND DOUBLE SOCKET S/F G(P90),No.s,88.00,PRICE PER NO.,BEND 45 DEG - DOUBLE SOCKET,90,SWR SELFIT BEND 45° -  DOUBLE SOCKET,Material Description is not given in app
SWR SELFIT FITTING,PLUMBING & SANITATION,FITTINGS,SWR SELFIT FITTING,SF1369,110MM SQ. GULLY TRAP (WITH JALI) G (P8),No.s,499.00,PRICE PER NO.,SQUARE GULLY TRAP WITH JALI,8,SWR SELFIT SQUARE GULLY TRAP WITH_WO JALI ,Image Change
SWR SELFIT FITTING,PLUMBING & SANITATION,FITTINGS,SWR SELFIT FITTING,SF1377,110MM SQ. GULLY TRAP (W/O JALI) G (P8),No.s,456.00,PRICE PER NO.,SQUARE GULLY TRAP WITHOUT JALI,8,SWR SELFIT SQUARE GULLY TRAP WITH_WO JALI ,Image Change
SWR SELFIT FITTING,PLUMBING & SANITATION,FITTINGS,SWR SELFIT FITTING,SF1579,75MM SOCKET PLUG S/F G (P100),No.s,33.50,PRICE PER NO.,SOCKET PLUG,100,SWR SELFIT SOCKET PLUG,Changes
SWR SELFIT FITTING,PLUMBING & SANITATION,FITTINGS,SWR SELFIT FITTING,SF1588,110MM SOCKET PLUG S/F G (P36),No.s,66.00,PRICE PER NO.,SOCKET PLUG,36,SWR SELFIT SOCKET PLUG,Changes
AGRI SMALL DIA PIPE,AGRI,PIPES,AGRI SMALL DIA PIPE,AS1149,40MM 8KG/CM2 SELFIT (3 MTR),MTR,106.50,Price Per Meter,SELFIT,3,AGRI SELFIT PIPE-8KG,Changes
AGRI SMALL DIA PIPE,AGRI,PIPES,AGRI SMALL DIA PIPE,AS1155,50MM 8KG/CM2 SELFIT (3 MTR),MTR,169.50,Price Per Meter,SELFIT,3,AGRI SELFIT PIPE-8KG,Changes
AGRI SMALL DIA PIPE,AGRI,PIPES,AGRI SMALL DIA PIPE,AS1156,25MM 12.5KG/CM2 SELFIT (3 MTR),MTR,63.50,Price Per Meter,SELFIT,3,AGRI SELFIT PIPE-12.5KG,Changes
AGRI SMALL DIA PIPE,AGRI,PIPES,AGRI SMALL DIA PIPE,AS1157,32MM 12.5KG/CM2 SELFIT (3 MTR ),MTR,103.00,Price Per Meter,SELFIT,3,AGRI SELFIT PIPE-12.5KG,Changes
AGRI SMALL DIA PIPE,AGRI,PIPES,AGRI SMALL DIA PIPE,AS1158,40MM 12.5KG/CM2 SELFIT (3 MTR),MTR,158.50,Price Per Meter,SELFIT,3,AGRI SELFIT PIPE-12.5KG,Changes
AGRI SMALL DIA PIPE,AGRI,PIPES,AGRI SMALL DIA PIPE,AS1159,50MM 12.5KG/CM2 SELFIT (3 MTR ),MTR,241.00,Price Per Meter,SELFIT,3,AGRI SELFIT PIPE-12.5KG,Changes
AGRI SMALL DIA PIPE,AGRI,PIPES,AGRI SMALL DIA PIPE,AS1166,40MM 8KG/CM2 SELFIT (5 MTR),MTR,106.50,Price Per Meter,SELFIT,5,AGRI SELFIT PIPE-8KG,Changes
AGRI SMALL DIA PIPE,AGRI,PIPES,AGRI SMALL DIA PIPE,AS1167,50MM 8KG/CM2 SELFIT (5 MTR),MTR,169.50,Price Per Meter,SELFIT,5,AGRI SELFIT PIPE-8KG,Changes
AGRI SMALL DIA PIPE,AGRI,PIPES,AGRI SMALL DIA PIPE,AS1168,25MM 12.5KG/CM2 SELFIT (5 MTR),MTR,63.50,Price Per Meter,SELFIT,5,AGRI SELFIT PIPE-12.5KG,Changes
AGRI SMALL DIA PIPE,AGRI,PIPES,AGRI SMALL DIA PIPE,AS1169,32MM 12.5KG/CM2 SELFIT (5 MTR ),MTR,103.00,Price Per Meter,SELFIT,5,AGRI SELFIT PIPE-12.5KG,Changes
AGRI SMALL DIA PIPE,AGRI,PIPES,AGRI SMALL DIA PIPE,AS1177,40MM 12.5KG/CM2 SELFIT (5 MTR),MTR,158.50,Price Per Meter,SELFIT,5,AGRI SELFIT PIPE-12.5KG,Changes
AGRI SMALL DIA PIPE,AGRI,PIPES,AGRI SMALL DIA PIPE,AS1178,50MM 12.5KG/CM2 SELFIT (5 MTR ),MTR,241.00,Price Per Meter,SELFIT,5,AGRI SELFIT PIPE-12.5KG,Changes
AGRI SMALL DIA PIPE,AGRI,PIPES,AGRI SMALL DIA PIPE,AS1179,25MM 10KG/CM2 PLAIN (5 MTR),MTR,52.00,Price Per Meter,PLAIN,5,AGRI RIGID PLAIN PIPE-10KG,Changes
AGRI SMALL DIA PIPE,AGRI,PIPES,AGRI SMALL DIA PIPE,AS1188,32MM 10KG/CM2 PLAIN (5 MTR),MTR,83.50,Price Per Meter,PLAIN,5,AGRI RIGID PLAIN PIPE-10KG,Changes
AGRI SMALL DIA PIPE,AGRI,PIPES,AGRI SMALL DIA PIPE,AS1189,40MM 8KG/CM2 SELFIT,MTR,106.50,Price Per Meter,SELFIT,6,AGRI SELFIT PIPE-8KG,Changes
AGRI SMALL DIA PIPE,AGRI,PIPES,AGRI SMALL DIA PIPE,AS1199,50MM 8KG/CM2 SELFIT,MTR,169.50,Price Per Meter,SELFIT,6,AGRI SELFIT PIPE-8KG,Changes
AGRI SMALL DIA PIPE,AGRI,PIPES,AGRI SMALL DIA PIPE,AS1222,25MM 12.5KG/CM2 SELFIT,MTR,63.50,Price Per Meter,SELFIT,6,AGRI SELFIT PIPE-12.5KG,Changes
AGRI SMALL DIA PIPE,AGRI,PIPES,AGRI SMALL DIA PIPE,AS1223,32MM 12.5KG/CM2 SELFIT,MTR,103.00,Price Per Meter,SELFIT,6,AGRI SELFIT PIPE-12.5KG,Changes
AGRI SMALL DIA PIPE,AGRI,PIPES,AGRI SMALL DIA PIPE,AS1224,40MM 12.5KG/CM2 SELFIT,MTR,158.50,Price Per Meter,SELFIT,6,AGRI SELFIT PIPE-12.5KG,Changes
AGRI SMALL DIA PIPE,AGRI,PIPES,AGRI SMALL DIA PIPE,AS1225,50MM 12.5KG/CM2 SELFIT,MTR,241.00,Price Per Meter,SELFIT,6,AGRI SELFIT PIPE-12.5KG,Changes
AGRI SMALL DIA PIPE,AGRI,PIPES,AGRI SMALL DIA PIPE,AS1226,20MM 12.5KG/CM2 PLAIN,MTR,43.50,Price Per Meter,PLAIN,6,AGRI RIGID PLAIN PIPE-12.5KG,Changes
AGRI MEDIUM DIA PIPE,AGRI,PIPES,AGRI MEDIUM DIA PIPE,AM1157,110MM 4KG/CM2 SELFIT (3 MTR),MTR,400.50,Price Per Meter,SELFIT,3,AGRI SELFIT PIPE-4KG,Changes
AGRI MEDIUM DIA PIPE,AGRI,PIPES,AGRI MEDIUM DIA PIPE,AM1159,63MM 8KG/CM2 SELFIT (3 MTR),MTR,257.00,Price Per Meter,SELFIT,3,AGRI SELFIT PIPE-8KG,Changes
AGRI MEDIUM DIA PIPE,AGRI,PIPES,AGRI MEDIUM DIA PIPE,AM1166,110MM 8KG/CM2 SELFIT (3 MTR),MTR,759.00,Price Per Meter,SELFIT,3,AGRI SELFIT PIPE-8KG,Changes
AGRI MEDIUM DIA PIPE,AGRI,PIPES,AGRI MEDIUM DIA PIPE,AM1167,110MM 10KG/CM2 SELFIT (3 MTR),MTR,935.50,Price Per Meter,SELFIT,3,AGRI SELFIT PIPE-10KG,Changes
AGRI MEDIUM DIA PIPE,AGRI,PIPES,AGRI MEDIUM DIA PIPE,AM1168,63MM 12.5KG/CM2 SELFIT (3 MTR),MTR,381.50,Price Per Meter,SELFIT,3,AGRI SELFIT PIPE-12.5KG,Changes
AGRI MEDIUM DIA PIPE,AGRI,PIPES,AGRI MEDIUM DIA PIPE,AM1169,110MM 12.5KG/CM2 SELFIT (3 MTR),MTR,1145.00,Price Per Meter,SELFIT,3,AGRI SELFIT PIPE-12.5KG,Changes
AGRI MEDIUM DIA PIPE,AGRI,PIPES,AGRI MEDIUM DIA PIPE,AM1177,90MM 2.5KG/CM2 SELFIT (5 MTR),MTR,177.00,Price Per Meter,SELFIT,5,AGRI SELFIT PIPE-2.5KG,Changes
AGRI MEDIUM DIA PIPE,AGRI,PIPES,AGRI MEDIUM DIA PIPE,AM1178,90MM 6KG/CM2 SELFIT (5 MTR),MTR,401.50,Price Per Meter,SELFIT,5,AGRI SELFIT PIPE-6KG,Changes
AGRI MEDIUM DIA PIPE,AGRI,PIPES,AGRI MEDIUM DIA PIPE,AM1179,110MM 6KG/CM2 SELFIT (5 MTR),MTR,581.00,Price Per Meter,SELFIT,5,AGRI SELFIT PIPE-6KG,Changes
AGRI MEDIUM DIA PIPE,AGRI,PIPES,AGRI MEDIUM DIA PIPE,AM1188,63MM 8KG/CM2 SELFIT (5 MTR),MTR,257.00,Price Per Meter,SELFIT,5,AGRI SELFIT PIPE-8KG,Changes
AGRI MEDIUM DIA PIPE,AGRI,PIPES,AGRI MEDIUM DIA PIPE,AM1189,75MM 8KG/CM2 SELFIT (5 MTR),MTR,353.50,Price Per Meter,SELFIT,5,AGRI SELFIT PIPE-8KG,Changes
AGRI MEDIUM DIA PIPE,AGRI,PIPES,AGRI MEDIUM DIA PIPE,AM1199,90MM 8KG/CM2 SELFIT (5 MTR),MTR,509.00,Price Per Meter,SELFIT,5,AGRI SELFIT PIPE-8KG,Changes
AGRI MEDIUM DIA PIPE,AGRI,PIPES,AGRI MEDIUM DIA PIPE,AM1222,110MM 8KG/CM2 SELFIT (5 MTR),MTR,759.00,Price Per Meter,SELFIT,5,AGRI SELFIT PIPE-8KG,Changes
AGRI MEDIUM DIA PIPE,AGRI,PIPES,AGRI MEDIUM DIA PIPE,AM1223,63MM 10KG/CM2 SELFIT (5 MTR),MTR,307.50,Price Per Meter,SELFIT,5,AGRI SELFIT PIPE-10KG,Changes
AGRI MEDIUM DIA PIPE,AGRI,PIPES,AGRI MEDIUM DIA PIPE,AM1224,75MM 10KG/CM2 SELFIT (5 MTR),MTR,438.00,Price Per Meter,SELFIT,5,AGRI SELFIT PIPE-10KG,Changes
AGRI MEDIUM DIA PIPE,AGRI,PIPES,AGRI MEDIUM DIA PIPE,AM1225,90MM 10KG/CM2 SELFIT (5 MTR),MTR,621.50,Price Per Meter,SELFIT,5,AGRI SELFIT PIPE-10KG,Changes
AGRI MEDIUM DIA PIPE,AGRI,PIPES,AGRI MEDIUM DIA PIPE,AM1226,110MM 10KG/CM2 SELFIT (5 MTR),MTR,935.50,Price Per Meter,SELFIT,5,AGRI SELFIT PIPE-10KG,Changes
AGRI MEDIUM DIA PIPE,AGRI,PIPES,AGRI MEDIUM DIA PIPE,AM1227,63MM 12.5KG/CM2 SELFIT (5 MTR),MTR,381.50,Price Per Meter,SELFIT,5,AGRI SELFIT PIPE-12.5KG,Changes
AGRI MEDIUM DIA PIPE,AGRI,PIPES,AGRI MEDIUM DIA PIPE,AM1228,75MM 12.5KG/CM2 SELFIT (5 MTR),MTR,534.00,Price Per Meter,SELFIT,5,AGRI SELFIT PIPE-12.5KG,Changes
AGRI MEDIUM DIA PIPE,AGRI,PIPES,AGRI MEDIUM DIA PIPE,AM1229,90MM 12.5KG/CM2 SELFIT (5 MTR),MTR,756.00,Price Per Meter,SELFIT,5,AGRI SELFIT PIPE-12.5KG,Changes
AGRI MEDIUM DIA PIPE,AGRI,PIPES,AGRI MEDIUM DIA PIPE,AM1233,110MM 12.5KG/CM2 SELFIT (5 MTR),MTR,1145.00,Price Per Meter,SELFIT,5,AGRI SELFIT PIPE-12.5KG,Changes
AGRI MEDIUM DIA PIPE,AGRI,PIPES,AGRI MEDIUM DIA PIPE,AM1234,63MM 8KG/CM2 SELFIT,MTR,257.00,Price Per Meter,SELFIT,6,AGRI SELFIT PIPE-8KG,Changes
AGRI MEDIUM DIA PIPE,AGRI,PIPES,AGRI MEDIUM DIA PIPE,AM1235,75MM 8KG/CM2 SELFIT,MTR,353.50,Price Per Meter,SELFIT,6,AGRI SELFIT PIPE-8KG,Changes
AGRI MEDIUM DIA PIPE,AGRI,PIPES,AGRI MEDIUM DIA PIPE,AM1236,90MM 8KG/CM2 SELFIT,MTR,509.00,Price Per Meter,SELFIT,6,AGRI SELFIT PIPE-8KG,Changes
AGRI MEDIUM DIA PIPE,AGRI,PIPES,AGRI MEDIUM DIA PIPE,AM1237,63MM 12.5KG/CM2 SELFIT,MTR,381.50,Price Per Meter,SELFIT,6,AGRI SELFIT PIPE-12.5KG,Changes
AGRI MEDIUM DIA PIPE,AGRI,PIPES,AGRI MEDIUM DIA PIPE,AM1238,75MM 12.5KG/CM2 SELFIT,MTR,534.00,Price Per Meter,SELFIT,6,AGRI SELFIT PIPE-12.5KG,Changes
AGRI MEDIUM DIA PIPE,AGRI,PIPES,AGRI MEDIUM DIA PIPE,AM1239,90MM 12.5KG/CM2 SELFIT,MTR,756.00,Price Per Meter,SELFIT,6,AGRI SELFIT PIPE-12.5KG,Changes
AGRI MEDIUM DIA PIPE,AGRI,PIPES,AGRI MEDIUM DIA PIPE,AM1244,110MM 12.5KG/CM2 SELFIT,MTR,1145.00,Price Per Meter,SELFIT,6,AGRI SELFIT PIPE-12.5KG,Changes
AGRI MEDIUM DIA PIPE,AGRI,PIPES,AGRI MEDIUM DIA PIPE,AM1245,75MM 4KG/CM2 SELFIT (3 MTR),MTR,197.00,Price Per Meter,SELFIT,3,AGRI SELFIT PIPE-4KG,Changes
AGRI HIGH DIA PIPE,AGRI,PIPES,AGRI HIGH DIA PIPE,AH1227,355MM 4KG/CM2 SELFIT,MTR,4379.50, PRICE PER MTR,SELFIT,6,AGRI SELFIT PIPE-4KG,Changes
AGRI HIGH DIA PIPE,AGRI,PIPES,AGRI HIGH DIA PIPE,AH1278,140MM 2.5KG/CM2 SELFIT (3 MTR),MTR,417.50,Price Per Meter,SELFIT,3,AGRI SELFIT PIPE-2.5KG,Changes
AGRI HIGH DIA PIPE,AGRI,PIPES,AGRI HIGH DIA PIPE,AH1279,180MM 2.5KG/CM2 SELFIT (3 MTR),MTR,701.50,Price Per Meter,SELFIT,3,AGRI SELFIT PIPE-2.5KG,Changes
AGRI HIGH DIA PIPE,AGRI,PIPES,AGRI HIGH DIA PIPE,AH1288,250MM 2.5KG/CM2 SELFIT (3 MTR),MTR,1383.50,Price Per Meter,SELFIT,3,AGRI SELFIT PIPE-2.5KG,Changes
AGRI HIGH DIA PIPE,AGRI,PIPES,AGRI HIGH DIA PIPE,AH1289,315MM 2.5KG/CM2 SELFIT (3 MTR),MTR,2227.00,Price Per Meter,SELFIT,3,AGRI SELFIT PIPE-2.5KG,Changes
AGRI HIGH DIA PIPE,AGRI,PIPES,AGRI HIGH DIA PIPE,AH1299,180MM 4KG/CM2 SELFIT (3 MTR),MTR,1104.00,Price Per Meter,SELFIT,3,AGRI SELFIT PIPE-4KG,Changes
AGRI HIGH DIA PIPE,AGRI,PIPES,AGRI HIGH DIA PIPE,AH1333,250MM 6KG/CM2 SELFIT (3 MTR),MTR,3171.00,Price Per Meter,SELFIT,3,AGRI SELFIT PIPE-6KG,Changes
AGRI HIGH DIA PIPE,AGRI,PIPES,AGRI HIGH DIA PIPE,AH1334,315MM 6KG/CM2 SELFIT (3 MTR),MTR,5058.00,Price Per Meter,SELFIT,3,AGRI SELFIT PIPE-6KG,Changes
AGRI HIGH DIA PIPE,AGRI,PIPES,AGRI HIGH DIA PIPE,AH1335,140MM 8KG/CM2 SELFIT (3 MTR),MTR,1249.50,Price Per Meter,SELFIT,3,AGRI SELFIT PIPE-8KG,Changes
AGRI HIGH DIA PIPE,AGRI,PIPES,AGRI HIGH DIA PIPE,AH1336,160MM 8KG/CM2 SELFIT PIPE (3 MTR),MTR,1624.00,Price Per Meter,SELFIT,3,AGRI SELFIT PIPE-8KG,Changes
AGRI HIGH DIA PIPE,AGRI,PIPES,AGRI HIGH DIA PIPE,AH1337,200MM 8KG/CM2 SELFIT (3MTR),MTR,2524.50,Price Per Meter,SELFIT,3,AGRI SELFIT PIPE-8KG,Changes
AGRI HIGH DIA PIPE,AGRI,PIPES,AGRI HIGH DIA PIPE,AH1338,250MM 8KG/CM2 SELFIT (3 MTR),MTR,4126.00,Price Per Meter,SELFIT,3,AGRI SELFIT PIPE-8KG,Changes
AGRI HIGH DIA PIPE,AGRI,PIPES,AGRI HIGH DIA PIPE,AH1339,315MM 8KG/CM2 SELFIT (3 MTR),MTR,6499.50,Price Per Meter,SELFIT,3,AGRI SELFIT PIPE-8KG,Changes
AGRI HIGH DIA PIPE,AGRI,PIPES,AGRI HIGH DIA PIPE,AH1344,140MM 10KG/CM2 SELFIT (3 MTR),MTR,1505.00,Price Per Meter,SELFIT,3,AGRI SELFIT PIPE-10KG,Changes
AGRI HIGH DIA PIPE,AGRI,PIPES,AGRI HIGH DIA PIPE,AH1345,160MM 10KG/CM2 SLEFIT (3 MTR),MTR,1957.00,Price Per Meter,SELFIT,3,AGRI SELFIT PIPE-10KG,Changes
AGRI HIGH DIA PIPE,AGRI,PIPES,AGRI HIGH DIA PIPE,AH1346,180MM 10KG/CM2 SELFIT (3 MTR),MTR,2495.00,Price Per Meter,SELFIT,3,AGRI SELFIT PIPE-10KG,Changes
AGRI HIGH DIA PIPE,AGRI,PIPES,AGRI HIGH DIA PIPE,AH1347,200MM 10KG/CM2 SELFIT (3 MTR),MTR,3083.00,Price Per Meter,SELFIT,3,AGRI SELFIT PIPE-10KG,Changes
AGRI HIGH DIA PIPE,AGRI,PIPES,AGRI HIGH DIA PIPE,AH1348,250MM 10KG/CM2 SELFIT (3 MTR),MTR,5016.00,Price Per Meter,SELFIT,3,AGRI SELFIT PIPE-10KG,Changes
AGRI HIGH DIA PIPE,AGRI,PIPES,AGRI HIGH DIA PIPE,AH1349,315MM 10KG/CM2 SELFIT (3 MTR),MTR,7968.50,Price Per Meter,SELFIT,3,AGRI SELFIT PIPE-10KG,Changes
AGRI HIGH DIA PIPE,AGRI,PIPES,AGRI HIGH DIA PIPE,AH1355,140MM 12.5KG/CM2 SELFIT (3 MTR),MTR,1851.50,Price Per Meter,SELFIT,3,AGRI SELFIT PIPE-12.5KG,Changes
AGRI HIGH DIA PIPE,AGRI,PIPES,AGRI HIGH DIA PIPE,AH1356,160MM 12.5KG/CM2 SELFIT (3 MTR),MTR,2395.50,Price Per Meter,SELFIT,3,AGRI SELFIT PIPE-12.5KG,Changes
AGRI HIGH DIA PIPE,AGRI,PIPES,AGRI HIGH DIA PIPE,AH1357,125MM 2.5KG/CM2 SELFIT,MTR,339.00,Price Per Meter,SELFIT,6,AGRI SELFIT PIPE-2.5KG,Changes
AGRI HIGH DIA PIPE,AGRI,PIPES,AGRI HIGH DIA PIPE,AH1358,125MM 4KG/CM2 SELFIT,MTR,530.00,Price Per Meter,SELFIT,6,AGRI SELFIT PIPE-4KG,Changes
AGRI HIGH DIA PIPE,AGRI,PIPES,AGRI HIGH DIA PIPE,AH1359,125MM 8KG/CM2 SELFIT,MTR,986.50,Price Per Meter,SELFIT,6,AGRI SELFIT PIPE-8KG,Changes
AGRI HIGH DIA PIPE,AGRI,PIPES,AGRI HIGH DIA PIPE,AH1366,125MM 10KG/CM2 SELFIT,MTR,1204.00,Price Per Meter,SELFIT,6,AGRI SELFIT PIPE-10KG,Changes
AGRI HIGH DIA PIPE,AGRI,PIPES,AGRI HIGH DIA PIPE,AH1367,125MM 12.5KG/CM2 SELFIT,MTR,1455.50,Price Per Meter,SELFIT,6,AGRI SELFIT PIPE-12.5KG,Changes
AGRI HIGH DIA PIPE,AGRI,PIPES,AGRI HIGH DIA PIPE,AH1368,140MM 12.5KG/CM2 SELFIT,MTR,1851.50,Price Per Meter,SELFIT,6,AGRI SELFIT PIPE-12.5KG,Changes
AGRI HIGH DIA PIPE,AGRI,PIPES,AGRI HIGH DIA PIPE,AH1369,160MM 12.5KG/CM2 SELFIT,MTR,2395.50,Price Per Meter,SELFIT,6,AGRI SELFIT PIPE-12.5KG,Changes
CASING PIPE,AGRI,PIPES,CASING PIPE,CA1458,40 RS (0.5MM) SLOTTED PIPE (1.82 MTR),MTR,282.00,Price Per Meter,RS (SLOTTED),1.82,CASING RS RIBBED SCREEN PIPES  0.5MM SLOTTED,Changes
CASING PIPE,AGRI,PIPES,CASING PIPE,CA1459,40 RS (0.5MM) SLOTTED PIPE,MTR,282.00,Price Per Meter,RS (SLOTTED),3,CASING RS RIBBED SCREEN PIPES  0.5MM SLOTTED,Changes
CASING PIPE,AGRI,PIPES,CASING PIPE,CA1466,50 RS (0.5MM) SLOTTED PIPE (1.82 MTR),MTR,401.50,Price Per Meter,RS (SLOTTED),1.82,CASING RS RIBBED SCREEN PIPES  0.5MM SLOTTED,Changes
CASING PIPE,AGRI,PIPES,CASING PIPE,CA1467,50 RS (0.5MM) SLOTTED PIPE,MTR,401.50,Price Per Meter,RS (SLOTTED),3,CASING RS RIBBED SCREEN PIPES  0.5MM SLOTTED,Changes
CASING PIPE,AGRI,PIPES,CASING PIPE,CA1468,80 RS (0.5MM) SLOTTED PIPE,MTR,564.00,Price Per Meter,RS (SLOTTED),3,CASING RS RIBBED SCREEN PIPES  0.5MM SLOTTED,Changes
CASING PIPE,AGRI,PIPES,CASING PIPE,CA1469,213 CS (2.9 MTR),MTR,2748.50,Price Per Meter,CS,2.9,CASING CS PLAIN PIPES NON IS,Changes
CASING PIPE,AGRI,PIPES,CASING PIPE,CA1477,213 CS,MTR,2748.50,Price Per Meter,CS,3,CASING CS PLAIN PIPES NON IS,Changes
CASING PIPE,AGRI,PIPES,CASING PIPE,CA1478,225 CS (2.9 MTR),MTR,3132.50,Price Per Meter,CS,2.9,CASING CS PLAIN PIPES NON IS,Changes
CASING PIPE,AGRI,PIPES,CASING PIPE,CA1479,240 CS,MTR,3495.50,Price Per Meter,CS,3,CASING CS PLAIN PIPES NON IS,Changes
SWR SELFIT Pipe,PLUMBING & SANITATION,PIPES,SWR SELFIT Pipe,SP1149,90MM TYPE A SELFIT S/S G (20FT),No.s,1639.50,PRICE PER NO.,TYPE A SELFIT DOUBLE SOCKET,1,SWR SELFIT CUT PIECES TYPE A SS,List Price Mismatch
SWR SELFIT Pipe,PLUMBING & SANITATION,PIPES,SWR SELFIT Pipe,SP1169,75MM TYPE A SELFIT D/S G (2FT),No.s,123.00,PRICE PER NO.,TYPE A SELFIT DOUBLE SOCKET,1,SWR SELFIT CUT PIECES TYPE A SS,List Price Mismatch
SWR SELFIT Pipe,PLUMBING & SANITATION,PIPES,SWR SELFIT Pipe,SP1177,75MM TYPE A SELFIT D/S G (3FT),No.s,196.00,PRICE PER NO.,TYPE A SELFIT DOUBLE SOCKET,1,SWR SELFIT CUT PIECES TYPE A SS,List Price Mismatch
SWR SELFIT Pipe,PLUMBING & SANITATION,PIPES,SWR SELFIT Pipe,SP1178,75MM TYPE A SELFIT D/S G (4FT),No.s,260.50,PRICE PER NO.,TYPE A SELFIT DOUBLE SOCKET,1,SWR SELFIT CUT PIECES TYPE A SS,List Price Mismatch
SWR SELFIT Pipe,PLUMBING & SANITATION,PIPES,SWR SELFIT Pipe,SP1179,75MM TYPE A SELFIT D/S G (6FT),No.s,390.00,PRICE PER NO.,TYPE A SELFIT DOUBLE SOCKET,1,SWR SELFIT CUT PIECES TYPE A SS,List Price Mismatch
SWR SELFIT Pipe,PLUMBING & SANITATION,PIPES,SWR SELFIT Pipe,SP1188,75MM TYPE A SELFIT D/S G (10FT),No.s,646.00,PRICE PER NO.,TYPE A SELFIT DOUBLE SOCKET,1,SWR SELFIT CUT PIECES TYPE A SS,List Price Mismatch
SWR SELFIT Pipe,PLUMBING & SANITATION,PIPES,SWR SELFIT Pipe,SP1189,90MM TYPE A SELFIT D/S G (2FT),No.s,166.50,PRICE PER NO.,TYPE A SELFIT DOUBLE SOCKET,1,SWR SELFIT CUT PIECES TYPE A SS,List Price Mismatch
SWR SELFIT Pipe,PLUMBING & SANITATION,PIPES,SWR SELFIT Pipe,SP1199,90MM TYPE A SELFIT D/S G (3FT),No.s,248.00,PRICE PER NO.,TYPE A SELFIT DOUBLE SOCKET,1,SWR SELFIT CUT PIECES TYPE A SS,List Price Mismatch
SWR SELFIT Pipe,PLUMBING & SANITATION,PIPES,SWR SELFIT Pipe,SP1222,90MM TYPE A SELFIT D/S G (4FT),No.s,330.00,PRICE PER NO.,TYPE A SELFIT DOUBLE SOCKET,1,SWR SELFIT CUT PIECES TYPE A SS,List Price Mismatch
SWR SELFIT Pipe,PLUMBING & SANITATION,PIPES,SWR SELFIT Pipe,SP1223,90MM TYPE A SELFIT D/S G (6FT),No.s,494.00,PRICE PER NO.,TYPE A SELFIT DOUBLE SOCKET,1,SWR SELFIT CUT PIECES TYPE A SS,List Price Mismatch
SWR SELFIT Pipe,PLUMBING & SANITATION,PIPES,SWR SELFIT Pipe,SP1224,90MM TYPE A SELFIT D/S G (10FT),No.s,820.50,PRICE PER NO.,TYPE A SELFIT DOUBLE SOCKET,1,SWR SELFIT CUT PIECES TYPE A SS,List Price Mismatch
SWR SELFIT Pipe,PLUMBING & SANITATION,PIPES,SWR SELFIT Pipe,SP1225,110MM TYPE A SELFIT D/S G (2FT),No.s,262.00,PRICE PER NO.,TYPE A SELFIT DOUBLE SOCKET,1,SWR SELFIT CUT PIECES TYPE A SS,List Price Mismatch
SWR SELFIT Pipe,PLUMBING & SANITATION,PIPES,SWR SELFIT Pipe,SP1226,110MM TYPE A SELFIT D/S G (3FT),No.s,347.50,PRICE PER NO.,TYPE A SELFIT DOUBLE SOCKET,1,SWR SELFIT CUT PIECES TYPE A SS,List Price Mismatch
SWR SELFIT Pipe,PLUMBING & SANITATION,PIPES,SWR SELFIT Pipe,SP1227,110MM TYPE A SELFIT D/S G (4FT),No.s,462.50,PRICE PER NO.,TYPE A SELFIT DOUBLE SOCKET,1,SWR SELFIT CUT PIECES TYPE A SS,List Price Mismatch
SWR SELFIT Pipe,PLUMBING & SANITATION,PIPES,SWR SELFIT Pipe,SP1228,110MM TYPE A SELFIT D/S G (10FT),No.s,1150.50,PRICE PER NO.,TYPE A SELFIT DOUBLE SOCKET,1,SWR SELFIT CUT PIECES TYPE A SS,List Price Mismatch
SWR SELFIT Pipe,PLUMBING & SANITATION,PIPES,SWR SELFIT Pipe,SP1229,110MM TYPE A SELFIT D/S G (20FT),No.s,2298.00,PRICE PER NO.,TYPE A SELFIT DOUBLE SOCKET,1,SWR SELFIT CUT PIECES TYPE A SS,List Price Mismatch
SWR SELFIT Pipe,PLUMBING & SANITATION,PIPES,SWR SELFIT Pipe,SP1233,160MM TYPE A SELFIT D/S G (2FT),No.s,520.00,PRICE PER NO.,TYPE A SELFIT DOUBLE SOCKET,1,SWR SELFIT CUT PIECES TYPE A SS,List Price Mismatch
SWR SELFIT Pipe,PLUMBING & SANITATION,PIPES,SWR SELFIT Pipe,SP1234,160MM TYPE A SELFIT D/S G (3FT),No.s,767.50,PRICE PER NO.,TYPE A SELFIT DOUBLE SOCKET,1,SWR SELFIT CUT PIECES TYPE A SS,List Price Mismatch
SWR SELFIT Pipe,PLUMBING & SANITATION,PIPES,SWR SELFIT Pipe,SP1235,160MM TYPE A SELFIT D/S G (4FT),No.s,1015.00,PRICE PER NO.,TYPE A SELFIT DOUBLE SOCKET,1,SWR SELFIT CUT PIECES TYPE A SS,List Price Mismatch
SWR SELFIT Pipe,PLUMBING & SANITATION,PIPES,SWR SELFIT Pipe,SP1236,160MM TYPE A SELFIT D/S G (6FT),No.s,1502.50,PRICE PER NO.,TYPE A SELFIT DOUBLE SOCKET,1,SWR SELFIT CUT PIECES TYPE A SS,List Price Mismatch
SWR SELFIT Pipe,PLUMBING & SANITATION,PIPES,SWR SELFIT Pipe,SP1237,160MM TYPE A SELFIT D/S G (10FT),No.s,2435.00,PRICE PER NO.,TYPE A SELFIT DOUBLE SOCKET,1,SWR SELFIT CUT PIECES TYPE A SS,List Price Mismatch
DRAINAGE PIPE,PLUMBING & SANITATION,PIPES,DRAINAGE PIPE,DP1134,160MM SN2 (3 MTR),MTR,872.00, PRICE PER MTR,SN2,3,SEWERAGE SELFIT PIPES SN2,Addition
DRAINAGE PIPE,PLUMBING & SANITATION,PIPES,DRAINAGE PIPE,DP1135,200MM SN2 (3 MTR),MTR,1423.00, PRICE PER MTR,SN2,6,SEWERAGE SELFIT PIPES SN2,Addition
