,"AGRI /
 NON AGRI","PRODUCT
SEGMENT",Material Group Description,Material Code ,Material Description,UOM,"List Price Per Mtr /  Per Piece
 (in Rs)"
ASTM PIPE & FITTING,NON AGRI,PIPE,HEAVY PLUMBING PIPE,HP1111,20MM/15KG PLAIN,M,52.20
ASTM PIPE & FITTING,NON AGRI,PIPE,HEAVY PLUMBING PIPE,HP1112,25MM/15KG PLAIN,M,70.90
ASTM PIPE & FITTING,NON AGRI,PIPE,HEAVY PLUMBING PIPE,HP1113,32MM/15KG PLAIN,M,106.80
ASTM PIPE & FITTING,NON AGRI,PIPE,HEAVY PLUMBING PIPE,HP1115,40MM/15KG PLAIN,M,137.80
ASTM PIPE & FITTING,NON AGRI,PIPE,HEAVY PLUMBING PIPE,HP1114,40MM/15KG SELFIT (PLUMBING)-3 MTR,M,140.60
ASTM PIPE & FITTING,NON AGRI,PIPE,HEAVY PLUMBING PIPE,HP1116,50MM/15KG PLAIN,M,179.80
ASTM PIPE & FITTING,NON AGRI,PIPE,ASTM PIPE,UP1111,"21.34MM (1/2"") SH-40 PLAIN (3 MTR)",M,63.00
ASTM PIPE & FITTING,NON AGRI,PIPE,ASTM PIPE,UP1112,"26.67MM (3/4"") SH-40 PLAIN (3 MTR)",M,83.80
ASTM PIPE & FITTING,NON AGRI,PIPE,ASTM PIPE,UP1113,"33.40MM (1"") SH-40 PLAIN (3 MTR)",M,122.80
ASTM PIPE & FITTING,NON AGRI,PIPE,ASTM PIPE,UP1114,"42.16MM (1 1/4"") SH-40 PLAIN (3 MTR)",M,164.80
ASTM PIPE & FITTING,NON AGRI,PIPE,ASTM PIPE,UP1115,"48.26MM (1 1/2"") SH-40 PLAIN (3 MTR)",M,196.70
ASTM PIPE & FITTING,NON AGRI,PIPE,ASTM PIPE,UP1116,"60.32MM (2"") SH-40 PLAIN (3MTR)",M,264.20
ASTM PIPE & FITTING,NON AGRI,PIPE,ASTM PIPE,UP1117,"73.02MM (2 1/2"") SH-40 PLAIN (3 MTR)",M,405.70
ASTM PIPE & FITTING,NON AGRI,PIPE,ASTM PIPE,UP1118,"88.90MM (3"") SH-40 PLAIN (3 MTR)",M,546.30
ASTM PIPE & FITTING,NON AGRI,PIPE,ASTM PIPE,UP1119,"114.30MM (4"") SH-40 PLAIN (3 MTR)",M,776.60
ASTM PIPE & FITTING,NON AGRI,PIPE,ASTM PIPE,UP1122,"168.28MM (6"") SH-40 PLAIN (3 MTR)",M,1404.50
ASTM PIPE & FITTING,NON AGRI,PIPE,ASTM PIPE,UP1123,"219.08MM (8"") SH-40 PLAIN (3 MTR)",M,2091.10
ASTM PIPE & FITTING,NON AGRI,PIPE,ASTM PIPE,UP1138,"21.34MM (1/2"") SH-40 THRD (3 MTR)",M,67.20
ASTM PIPE & FITTING,NON AGRI,PIPE,ASTM PIPE,UP1139,"26.67MM (3/4"") SH-40 THRD (3 MTR)",M,88.30
ASTM PIPE & FITTING,NON AGRI,PIPE,ASTM PIPE,UP1144,"33.40MM (1"") SH-40 THRD (3 MTR)",M,127.90
ASTM PIPE & FITTING,NON AGRI,PIPE,ASTM PIPE,UP1145,"42.16MM (1 1/4"") SH-40 THRD (3 MTR)",M,170.50
ASTM PIPE & FITTING,NON AGRI,PIPE,ASTM PIPE,UP1146,"48.26MM (1 1/2"") SH-40 THRD (3 MTR)",M,202.70
ASTM PIPE & FITTING,NON AGRI,PIPE,ASTM PIPE,UP1147,"60.32MM (2"") SH-40 THRD (3 MTR)",M,272.60
ASTM PIPE & FITTING,NON AGRI,PIPE,ASTM PIPE,UP1148,"88.90MM (3"") SH-40 THRD (3 MTR)",M,540.90
ASTM PIPE & FITTING,NON AGRI,PIPE,ASTM PIPE,UP1149,"114.30MM (4"") SH-40 THRD (3 MTR)",M,788.90
ASTM PIPE & FITTING,NON AGRI,PIPE,ASTM PIPE,UP1177,"21.34MM (1/2"") SH-80 PLAIN (3 MTR)",M,78.60
ASTM PIPE & FITTING,NON AGRI,PIPE,ASTM PIPE,UP1178,"26.67MM (3/4"") SH-80 PLAIN (3 MTR)",M,106.50
ASTM PIPE & FITTING,NON AGRI,PIPE,ASTM PIPE,UP1179,"33.40MM (1"") SH-80 PLAIN (3 MTR)",M,156.40
ASTM PIPE & FITTING,NON AGRI,PIPE,ASTM PIPE,UP1188,"42.16MM (1 1/4"") SH-80 PLAIN (3 MTR)",M,214.90
ASTM PIPE & FITTING,NON AGRI,PIPE,ASTM PIPE,UP1189,"48.26MM (1 1/2"") SH-80 PLAIN (3 MTR)",M,260.20
ASTM PIPE & FITTING,NON AGRI,PIPE,ASTM PIPE,UP1199,"60.32MM (2"") SH-80 PLAIN (3 MTR)",M,360.60
ASTM PIPE & FITTING,NON AGRI,PIPE,ASTM PIPE,UP1222,"73.02MM (2 1/2"") SH-80 PLAIN (3 MTR)",M,549.90
ASTM PIPE & FITTING,NON AGRI,PIPE,ASTM PIPE,UP1223,"88.90MM (3"") SH-80 PLAIN (3 MTR)",M,735.60
ASTM PIPE & FITTING,NON AGRI,PIPE,ASTM PIPE,UP1224,"114.30MM (4"") SH-80 PLAIN (3 MTR)",M,1076.10
ASTM PIPE & FITTING,NON AGRI,PIPE,ASTM PIPE,UP1225,"168.28MM (6"") SH-80 PLAIN (3 MTR)",M,2102.10
ASTM PIPE & FITTING,NON AGRI,PIPE,ASTM PIPE,UP1226,"219.08MM (8"") SH-80 PLAIN (3 MTR)",M,3160.70
ASTM PIPE & FITTING,NON AGRI,PIPE,ASTM PIPE,UP1244,"21.34MM (1/2"") SH-80 THRD (3 MTR)",M,82.60
ASTM PIPE & FITTING,NON AGRI,PIPE,ASTM PIPE,UP1245,"26.67MM (3/4"") SH-80 THRD (3 MTR)",M,110.80
ASTM PIPE & FITTING,NON AGRI,PIPE,ASTM PIPE,UP1246,"33.40MM (1"") SH-80 THRD (3 MTR)",M,157.70
ASTM PIPE & FITTING,NON AGRI,PIPE,ASTM PIPE,UP1247,"42.16MM (1 1/4"") SH-80 THRD (3 MTR)",M,219.80
ASTM PIPE & FITTING,NON AGRI,PIPE,ASTM PIPE,UP1248,"48.26MM (1 1/2"") SH-80 THRD (3 MTR)",M,265.50
ASTM PIPE & FITTING,NON AGRI,PIPE,ASTM PIPE,UP1249,"60.32MM (2"") SH-80 THRD (3 MTR)",M,367.70
ASTM PIPE & FITTING,NON AGRI,PIPE,ASTM PIPE,UP1255,"75.30MM (2 1/2"") SH-80 THRD (3 MTR)",M,555.30
ASTM PIPE & FITTING,NON AGRI,PIPE,ASTM PIPE,UP1256,"88.90MM (3"") SH-80 THRD (3 MTR)",M,749.50
ASTM PIPE & FITTING,NON AGRI,PIPE,ASTM PIPE,UP1257,"114.30MM (4"") SH-80 THRD (3 MTR)",M,1095.70
ASTM PIPE & FITTING,NON AGRI,PIPE,ASTM PIPE,UP1124,"21.34MM (1/2"") SH-40 PLAIN (6 MTR)",M,63.00
ASTM PIPE & FITTING,NON AGRI,PIPE,ASTM PIPE,UP1125,"26.67MM (3/4"") SH-40 PLAIN (6 MTR)",M,83.80
ASTM PIPE & FITTING,NON AGRI,PIPE,ASTM PIPE,UP1126,"33.40MM (1"") SH-40 PLAIN (6 MTR)",M,122.80
ASTM PIPE & FITTING,NON AGRI,PIPE,ASTM PIPE,UP1127,"42.16MM (1 1/4"") SH-40 PLAIN (6 MTR)",M,164.80
ASTM PIPE & FITTING,NON AGRI,PIPE,ASTM PIPE,UP1128,"48.26MM (1 1/2"") SH-40 PLAIN (6 MTR)",M,196.70
ASTM PIPE & FITTING,NON AGRI,PIPE,ASTM PIPE,UP1129,"60.32MM (2"") SH-40 PLAIN (6 MTR)",M,264.20
ASTM PIPE & FITTING,NON AGRI,PIPE,ASTM PIPE,UP1133,"73.02MM (2 1/2"") SH-40 PLAIN (6 MTR)",M,405.70
ASTM PIPE & FITTING,NON AGRI,PIPE,ASTM PIPE,UP1134,"88.90MM (3"") SH-40 PLAIN (6 MTR)",M,546.30
ASTM PIPE & FITTING,NON AGRI,PIPE,ASTM PIPE,UP1135,"114.30MM (4"") SH-40 PLAIN (6 MTR)",M,776.60
ASTM PIPE & FITTING,NON AGRI,PIPE,ASTM PIPE,UP1136,"168.28MM (6"") SH-40 PLAIN (6 MTR)",M,1404.50
ASTM PIPE & FITTING,NON AGRI,PIPE,ASTM PIPE,UP1137,"219.08MM (8"") SH-40 PLAIN (6 MTR)",M,2093.40
ASTM PIPE & FITTING,NON AGRI,PIPE,ASTM PIPE,UP1155,"21.34MM (1/2"") SH-40 THRD (6 MTR)",M,64.90
ASTM PIPE & FITTING,NON AGRI,PIPE,ASTM PIPE,UP1156,"26.67MM (3/4"") SH-40 THRD (6 MTR)",M,85.50
ASTM PIPE & FITTING,NON AGRI,PIPE,ASTM PIPE,UP1157,"33.40MM (1"") SH-40 THRD (6 MTR)",M,124.80
ASTM PIPE & FITTING,NON AGRI,PIPE,ASTM PIPE,UP1158,"42.16MM (1 1/4"") SH-40 THRD (6 MTR)",M,166.90
ASTM PIPE & FITTING,NON AGRI,PIPE,ASTM PIPE,UP1159,"48.26MM (1 1/2"") SH-40 THRD (6 MTR)",M,198.40
ASTM PIPE & FITTING,NON AGRI,PIPE,ASTM PIPE,UP1166,"60.32MM (2"") SH-40 THRD (6 MTR)",M,266.80
ASTM PIPE & FITTING,NON AGRI,PIPE,ASTM PIPE,UP1167,"75.30MM (2 1/2"") SH-40 THRD (6 MTR)",M,421.10
ASTM PIPE & FITTING,NON AGRI,PIPE,ASTM PIPE,UP1168,"88.90MM (3"") SH-40 THRD (6 MTR)",M,552.00
ASTM PIPE & FITTING,NON AGRI,PIPE,ASTM PIPE,UP1169,"114.30MM (4"") SH-40 THRD (6 MTR)",M,783.10
ASTM PIPE & FITTING,NON AGRI,PIPE,ASTM PIPE,UP1227,"21.34MM (1/2"") SH-80 PLAIN (6 MTR)",M,78.60
ASTM PIPE & FITTING,NON AGRI,PIPE,ASTM PIPE,UP1228,"26.67MM (3/4"") SH-80 PLAIN (6 MTR)",M,106.50
ASTM PIPE & FITTING,NON AGRI,PIPE,ASTM PIPE,UP1229,"33.40MM (1"") SH-80 PLAIN (6 MTR)",M,156.40
ASTM PIPE & FITTING,NON AGRI,PIPE,ASTM PIPE,UP1233,"42.16MM (1 1/4"") SH-80 PLAIN (6 MTR)",M,214.60
ASTM PIPE & FITTING,NON AGRI,PIPE,ASTM PIPE,UP1234,"48.26MM (1 1/2"") SH-80 PLAIN (6 MTR)",M,260.20
ASTM PIPE & FITTING,NON AGRI,PIPE,ASTM PIPE,UP1235,"60.32MM (2"") SH-80 PLAIN (6 MTR)",M,360.60
ASTM PIPE & FITTING,NON AGRI,PIPE,ASTM PIPE,UP1236,"73.02MM (2 1/2"") SH-80 PLAIN (6 MTR)",M,549.90
ASTM PIPE & FITTING,NON AGRI,PIPE,ASTM PIPE,UP1237,"88.90MM (3"") SH-80 PLAIN (6 MTR)",M,735.60
ASTM PIPE & FITTING,NON AGRI,PIPE,ASTM PIPE,UP1238,"114.30MM (4"") SH-80 PLAIN (6 MTR)",M,1076.10
ASTM PIPE & FITTING,NON AGRI,PIPE,ASTM PIPE,UP1239,"168.28MM (6"") SH-80 PLAIN (6 MTR)",M,2102.10
ASTM PIPE & FITTING,NON AGRI,PIPE,ASTM PIPE,UP1258,"21.34MM (1/2"") SH-80 THRD (6 MTR)",M,80.00
ASTM PIPE & FITTING,NON AGRI,PIPE,ASTM PIPE,UP1259,"26.67MM (3/4"") SH-80 THRD (6 MTR)",M,108.30
ASTM PIPE & FITTING,NON AGRI,PIPE,ASTM PIPE,UP1266,"33.40MM (1"") SH-80 THRD (6 MTR)",M,156.90
ASTM PIPE & FITTING,NON AGRI,PIPE,ASTM PIPE,UP1267,"42.16MM (1 1/4"") SH-80 THRD (6 MTR)",M,216.10
ASTM PIPE & FITTING,NON AGRI,PIPE,ASTM PIPE,UP1268,"48.26MM (1 1/2"") SH-80 THRD (6 MTR)",M,261.20
ASTM PIPE & FITTING,NON AGRI,PIPE,ASTM PIPE,UP1269,"60.32MM (2"") SH-80 THRD (6 MTR)",M,362.20
ASTM PIPE & FITTING,NON AGRI,PIPE,ASTM PIPE,UP1277,"75.30MM (2 1/2"") SH-80 THRD (6 MTR)",M,552.40
ASTM PIPE & FITTING,NON AGRI,PIPE,ASTM PIPE,UP1278,"88.90MM (3"") SH-80 THRD (6 MTR)",M,739.20
ASTM PIPE & FITTING,NON AGRI,PIPE,ASTM PIPE,UP1279,"114.30MM (4"") SH-80 THRD (6 MTR)",M,1079.30
ASTM PIPE & FITTING,NON AGRI,FITTING,ASTM FITTING,US0001,"26.67X21.34MM(3/4X1/2"")R.BUSH SH80(P350)",EA,4.00
ASTM PIPE & FITTING,NON AGRI,FITTING,ASTM FITTING,US1111,"26.67X21.34MM(3/4X1/2"")R.BUSH SH80(P700)",EA,4.00
ASTM PIPE & FITTING,NON AGRI,FITTING,ASTM FITTING,US0002,"33.40X21.34MM(1X1/2"")R.BUSH SH80(P210)",EA,9.20
ASTM PIPE & FITTING,NON AGRI,FITTING,ASTM FITTING,US1112,"33.40X21.34MM(1X1/2"")R.BUSH SH80(P420)",EA,9.20
ASTM PIPE & FITTING,NON AGRI,FITTING,ASTM FITTING,US0003,"33.40X26.67MM(1X3/4"")R.BUSH SH80(P210)",EA,6.00
ASTM PIPE & FITTING,NON AGRI,FITTING,ASTM FITTING,US1113,"33.40X26.67MM(1X3/4"")R.BUSH SH80(P490)",EA,6.00
ASTM PIPE & FITTING,NON AGRI,FITTING,ASTM FITTING,US1114,"42.16X26.67MM(11/4X3/4"")R.BUSH SH80(P120",EA,16.40
ASTM PIPE & FITTING,NON AGRI,FITTING,ASTM FITTING,US1115,"42.16X21.34MM(11/4X1/2"")R.BUSH SH80(P96)",EA,37.10
ASTM PIPE & FITTING,NON AGRI,FITTING,ASTM FITTING,US0004,"42.16X33.40MM(11/4X1"")R.BUSH SH80(P120)",EA,10.30
ASTM PIPE & FITTING,NON AGRI,FITTING,ASTM FITTING,US1116,"42.16X33.40MM(11/4X1"")R.BUSH SH80(P240)",EA,10.30
ASTM PIPE & FITTING,NON AGRI,FITTING,ASTM FITTING,US1117,"48.26X21.34MM(11/2 X1/2"")R.BUSHSH80P100",EA,21.80
ASTM PIPE & FITTING,NON AGRI,FITTING,ASTM FITTING,US1118,"48.26X26.67MM(11/2 X3/4"")R.BUSH SH80(P90",EA,22.10
ASTM PIPE & FITTING,NON AGRI,FITTING,ASTM FITTING,US0005,"48.26X33.40MM(11/2X1"")R.BUSH SH80(P100)",EA,19.60
ASTM PIPE & FITTING,NON AGRI,FITTING,ASTM FITTING,US1119,"48.26X33.40MM(11/2X1"")R.BUSH SH80(P200)",EA,19.60
ASTM PIPE & FITTING,NON AGRI,FITTING,ASTM FITTING,US0006,"48.26X42.16MM(11/2X11/4"")R.BUSH SH80P100",EA,10.20
ASTM PIPE & FITTING,NON AGRI,FITTING,ASTM FITTING,US1122,"48.26X42.16MM(11/2X11/4"")R.BUSH SH80(200",EA,10.20
ASTM PIPE & FITTING,NON AGRI,FITTING,ASTM FITTING,US1123,"60.32X21.34MM (2X1/2"") R. BUSH SH80(P56)",EA,69.70
ASTM PIPE & FITTING,NON AGRI,FITTING,ASTM FITTING,US1124,"60.32X26.67MM (2X3/4"") R. BUSH SH80(P48)",EA,69.70
ASTM PIPE & FITTING,NON AGRI,FITTING,ASTM FITTING,US0007,"60.32X33.40MM (2X1"") R. BUSH SH80 (P60)",EA,38.90
ASTM PIPE & FITTING,NON AGRI,FITTING,ASTM FITTING,US1125,"60.32X33.40MM (2X1"") R. BUSH SH80 (P45)",EA,38.90
ASTM PIPE & FITTING,NON AGRI,FITTING,ASTM FITTING,US1126,"60.32X42.16MM (2X11/4"") R.BUSH SH80(P54)",EA,36.20
ASTM PIPE & FITTING,NON AGRI,FITTING,ASTM FITTING,US1127,"60.32X48.26MM(2X11/2"")R.BUSH SH80(P48)",EA,28.60
ASTM PIPE & FITTING,NON AGRI,FITTING,ASTM FITTING,UH0001,"73.02X60.32MM(21/2X2"")R.BUSH SH80(P100)",EA,50.00
ASTM PIPE & FITTING,NON AGRI,FITTING,ASTM FITTING,UH1111,"73.02X60.32MM(21/2X2"")R.BUSH SH80 (P50)",EA,50.00
ASTM PIPE & FITTING,NON AGRI,FITTING,ASTM FITTING,UH1112,"88.90X48.26MM(3X11/2"")R.BUSH SH80(P56)",EA,171.50
ASTM PIPE & FITTING,NON AGRI,FITTING,ASTM FITTING,UH1113,"88.90X60.32MM(3X2"")R.BUSH SH80(P56)",EA,178.20
ASTM PIPE & FITTING,NON AGRI,FITTING,ASTM FITTING,UH0002,"88.90X73.02MM(3X21/2"")R.BUSH SH-80 (P64)",EA,74.10
ASTM PIPE & FITTING,NON AGRI,FITTING,ASTM FITTING,UH1114,"88.90X73.02MM(3X21/2"")R.BUSH SH-80 (P32)",EA,74.10
ASTM PIPE & FITTING,NON AGRI,FITTING,ASTM FITTING,UH1115,"114.30X60.32MM(4X2"")R.BUSH SH80(P36)",EA,301.50
ASTM PIPE & FITTING,NON AGRI,FITTING,ASTM FITTING,UH0003,"114.30X88.90MM(4X3"")R.BUSH SH80(P36)",EA,149.10
ASTM PIPE & FITTING,NON AGRI,FITTING,ASTM FITTING,UH1116,"114.30X88.90MM(4X3"")R.BUSH SH80(P16)",EA,149.10
ASTM PIPE & FITTING,NON AGRI,FITTING,ASTM FITTING,UH1117,"168.28X114.30MM(6""X4"")R.BUSH SH-80 (P14)",EA,748.20
ASTM PIPE & FITTING,NON AGRI,FITTING,ASTM FITTING,US1128,"21.34MM(1/2"")COMPACT BALL VALVE(P30)",EA,63.90
ASTM PIPE & FITTING,NON AGRI,FITTING,ASTM FITTING,US1129,"26.67MM(3/4"")COMPACT BALL VALVE(P20)",EA,97.10
ASTM PIPE & FITTING,NON AGRI,FITTING,ASTM FITTING,US1133,"33.40MM(1"")COMPACT BALL VALVE(P10)",EA,167.10
ASTM PIPE & FITTING,NON AGRI,FITTING,ASTM FITTING,US1134,"42.16MM(11/4"")COMPACT BALL VALVE(P8)",EA,232.90
ASTM PIPE & FITTING,NON AGRI,FITTING,ASTM FITTING,US1135,"48.26MM (11/2"")COMPACT BALL VALVE(P5)",EA,328.50
ASTM PIPE & FITTING,NON AGRI,FITTING,ASTM FITTING,US1136,"60.32MM(2"")COMPACT BALL VALVE(P3)",EA,609.40
ASTM PIPE & FITTING,NON AGRI,FITTING,ASTM FITTING,UH1118,"73.02MM (21/2"") COMPACT BALL VALVE (P12)",EA,1076.70
ASTM PIPE & FITTING,NON AGRI,FITTING,ASTM FITTING,UH1119,"88.90MM (3"") COMPACT BALL VALVE (P8)",EA,1528.70
ASTM PIPE & FITTING,NON AGRI,FITTING,ASTM FITTING,UH1122,"114.30MM (4"") COMPACT BALL VALVE (P3)",EA,3522.60
ASTM PIPE & FITTING,NON AGRI,FITTING,ASTM FITTING,US1137,"21.34MM(1/2"") UPVC BALL VALVE (P80)",EA,66.50
ASTM PIPE & FITTING,NON AGRI,FITTING,ASTM FITTING,US1138,"26.67MM(3/4"") UPVC BALL VALVE (P48)",EA,133.00
ASTM PIPE & FITTING,NON AGRI,FITTING,ASTM FITTING,US1139,"33.40MM(1"") UPVC BALL VALVE (P24)",EA,252.60
ASTM PIPE & FITTING,NON AGRI,FITTING,ASTM FITTING,US1144,"42.16MM(11/4"") UPVC BALL VALVE (P12)",EA,412.10
ASTM PIPE & FITTING,NON AGRI,FITTING,ASTM FITTING,US1145,"48.26MM (11/2"") UPVC BALL VALVE (P8)",EA,638.10
ASTM PIPE & FITTING,NON AGRI,FITTING,ASTM FITTING,US1146,"60.32MM(2"") UPVC BALL VALVE (P4)",EA,1223.00
ASTM PIPE & FITTING,NON AGRI,FITTING,ASTM FITTING,US0008,"21.34MM (1/2"") COUPLER SH-80 (P224)",EA,7.50
ASTM PIPE & FITTING,NON AGRI,FITTING,ASTM FITTING,US1147,"21.34MM (1/2"") COUPLER SH-80 (P504)",EA,7.50
ASTM PIPE & FITTING,NON AGRI,FITTING,ASTM FITTING,US0009,"26.67MM (3/4"") COUPLER SH-80 (P168)",EA,11.20
ASTM PIPE & FITTING,NON AGRI,FITTING,ASTM FITTING,US1148,"26.67MM (3/4"") COUPLER SH-80 (P294)",EA,11.20
ASTM PIPE & FITTING,NON AGRI,FITTING,ASTM FITTING,US0010,"33.40MM (1"") COUPLER SH-80 (P100)",EA,17.60
ASTM PIPE & FITTING,NON AGRI,FITTING,ASTM FITTING,US1149,"33.40MM (1"") COUPLER SH-80 (P175)",EA,17.60
ASTM PIPE & FITTING,NON AGRI,FITTING,ASTM FITTING,US0011,"42.16MM (11/4"") COUPLER SH-80 (P64)",EA,25.30
ASTM PIPE & FITTING,NON AGRI,FITTING,ASTM FITTING,US1155,"42.16MM (11/4"") COUPLER SH-80 (P112)",EA,25.30
ASTM PIPE & FITTING,NON AGRI,FITTING,ASTM FITTING,US0012,"48.26MM (11/2"") COUPLER SH-80 (P33)",EA,33.40
ASTM PIPE & FITTING,NON AGRI,FITTING,ASTM FITTING,US1156,"48.26MM (11/2"") COUPLER SH-80 (P77)",EA,33.40
ASTM PIPE & FITTING,NON AGRI,FITTING,ASTM FITTING,US0013,"60.32MM (2"") COUPLER SH-80 (P27)",EA,48.60
ASTM PIPE & FITTING,NON AGRI,FITTING,ASTM FITTING,US1157,"60.32MM (2"") COUPLER SH-80 (P45)",EA,48.60
ASTM PIPE & FITTING,NON AGRI,FITTING,ASTM FITTING,UH0004,"73.02MM (21/2"") COUPLER SH-80 (P48)",EA,102.40
ASTM PIPE & FITTING,NON AGRI,FITTING,ASTM FITTING,UH1123,"73.02MM (21/2"") COUPLER SH-80 (P28)",EA,102.40
ASTM PIPE & FITTING,NON AGRI,FITTING,ASTM FITTING,UH0005,"88.90MM (3"") COUPLER SH-80 (P30)",EA,146.30
ASTM PIPE & FITTING,NON AGRI,FITTING,ASTM FITTING,UH1124,"88.90MM (3"") COUPLER SH-80 (P16)",EA,146.30
ASTM PIPE & FITTING,NON AGRI,FITTING,ASTM FITTING,UH0006,"114.30MM (4"") COUPLER SH-80 (P18)",EA,236.30
ASTM PIPE & FITTING,NON AGRI,FITTING,ASTM FITTING,UH1125,"114.30MM (4"") COUPLER SH-80 (P10)",EA,236.30
ASTM PIPE & FITTING,NON AGRI,FITTING,ASTM FITTING,UH1126,"168.28MM (6"") COUPLER SH-80 (P10)",EA,901.80
ASTM PIPE & FITTING,NON AGRI,FITTING,ASTM FITTING,UH1127,"219.08MM (8"") COUPLER SH-80 (P4)",EA,3649.60
ASTM PIPE & FITTING,NON AGRI,FITTING,ASTM FITTING,US0014,"21.34MM(1/2"")END CAP SH80(P350)",EA,5.20
ASTM PIPE & FITTING,NON AGRI,FITTING,ASTM FITTING,US1158,"21.34MM(1/2"")END CAP SH80(P750)",EA,5.20
ASTM PIPE & FITTING,NON AGRI,FITTING,ASTM FITTING,US0015,"26.67MM(3/4"")END CAP SH80(P240)",EA,8.00
ASTM PIPE & FITTING,NON AGRI,FITTING,ASTM FITTING,US1159,"26.67MM(3/4"")END CAP SH80(P540)",EA,8.00
ASTM PIPE & FITTING,NON AGRI,FITTING,ASTM FITTING,US0016,"33.40MM(1"")END CAP SH80(P180)",EA,12.10
ASTM PIPE & FITTING,NON AGRI,FITTING,ASTM FITTING,US1166,"33.40MM(1"")END CAP SH80(P315)",EA,12.10
ASTM PIPE & FITTING,NON AGRI,FITTING,ASTM FITTING,US0017,"42.16MM(11/4"")END CAP SH80(P100)",EA,19.60
ASTM PIPE & FITTING,NON AGRI,FITTING,ASTM FITTING,US1167,"42.16MM(11/4"")END CAP SH80(P150)",EA,19.60
ASTM PIPE & FITTING,NON AGRI,FITTING,ASTM FITTING,US1168,"48.26MM(11/2"")END CAP SH80(P60)",EA,25.20
ASTM PIPE & FITTING,NON AGRI,FITTING,ASTM FITTING,US1169,"60.32MM (2"") END CAP SH80(P36)",EA,38.50
ASTM PIPE & FITTING,NON AGRI,FITTING,ASTM FITTING,UH0007,"73.02MM (2 1/2"") END CAP SH80 (P100)",EA,65.30
ASTM PIPE & FITTING,NON AGRI,FITTING,ASTM FITTING,UH1128,"73.02MM (2 1/2"") END CAP SH80 (P60)",EA,65.30
ASTM PIPE & FITTING,NON AGRI,FITTING,ASTM FITTING,UH0008,"88.90MM (3"") END CAP SH-80 (P56)",EA,103.20
ASTM PIPE & FITTING,NON AGRI,FITTING,ASTM FITTING,UH1129,"88.90MM (3"") END CAP SH-80 (P32)",EA,103.20
ASTM PIPE & FITTING,NON AGRI,FITTING,ASTM FITTING,UH0009,"114.30MM (4"") END CAP SH80 (P27)",EA,191.30
ASTM PIPE & FITTING,NON AGRI,FITTING,ASTM FITTING,UH1133,"114.30MM (4"") END CAP SH80 (P18)",EA,191.30
ASTM PIPE & FITTING,NON AGRI,FITTING,ASTM FITTING,UH1134,"168.28MM (6"") END CAP SH80 (P15)",EA,850.50
ASTM PIPE & FITTING,NON AGRI,FITTING,ASTM FITTING,UH1135,"219.08MM(8"") END CAP SH80 (P1)",EA,864.10
ASTM PIPE & FITTING,NON AGRI,FITTING,ASTM FITTING,US0018,"21.34MM (1/2"") ELBOW SH-80 (P150)",EA,11.20
ASTM PIPE & FITTING,NON AGRI,FITTING,ASTM FITTING,US1177,"21.34MM (1/2"") ELBOW SH-80 (P350)",EA,11.20
ASTM PIPE & FITTING,NON AGRI,FITTING,ASTM FITTING,US0019,"26.67MM (3/4"") ELBOW SH-80 (P96)",EA,16.00
ASTM PIPE & FITTING,NON AGRI,FITTING,ASTM FITTING,US1178,"26.67MM (3/4"") ELBOW SH-80 (P216)",EA,16.00
ASTM PIPE & FITTING,NON AGRI,FITTING,ASTM FITTING,US0020,"33.40MM (1"") ELBOW SH-80 (P60)",EA,26.90
ASTM PIPE & FITTING,NON AGRI,FITTING,ASTM FITTING,US1179,"33.40MM (1"") ELBOW SH-80 (P120)",EA,26.90
ASTM PIPE & FITTING,NON AGRI,FITTING,ASTM FITTING,US0021,"42.16MM (11/4"") ELBOW SH-80 (P36)",EA,40.10
ASTM PIPE & FITTING,NON AGRI,FITTING,ASTM FITTING,US1188,"42.16MM (11/4"") ELBOW SH-80 (P72)",EA,40.10
ASTM PIPE & FITTING,NON AGRI,FITTING,ASTM FITTING,US0022,"48.26MM (11/2"") ELBOW SH-80 (P24)",EA,53.20
ASTM PIPE & FITTING,NON AGRI,FITTING,ASTM FITTING,US1189,"48.26MM (11/2"") ELBOW SH-80 (P48)",EA,53.20
ASTM PIPE & FITTING,NON AGRI,FITTING,ASTM FITTING,US0023,"60.32MM (2"") ELBOW SH-80 (P15)",EA,79.80
ASTM PIPE & FITTING,NON AGRI,FITTING,ASTM FITTING,US1199,"60.32MM (2"") ELBOW SH-80 (P30)",EA,79.80
ASTM PIPE & FITTING,NON AGRI,FITTING,ASTM FITTING,UH0010,"73.02MM (21/2"") ELBOW SH-80 (P27)",EA,175.50
ASTM PIPE & FITTING,NON AGRI,FITTING,ASTM FITTING,UH1136,"73.02MM (21/2"") ELBOW SH-80 (P15)",EA,175.50
ASTM PIPE & FITTING,NON AGRI,FITTING,ASTM FITTING,UH0011,"88.90MM (3"") ELBOW SH-80 (P18)",EA,260.60
ASTM PIPE & FITTING,NON AGRI,FITTING,ASTM FITTING,UH1137,"88.90MM (3"") ELBOW SH-80 (P10)",EA,260.60
ASTM PIPE & FITTING,NON AGRI,FITTING,ASTM FITTING,UH0012,"114.30MM (4"") ELBOW SH-80 (P8)",EA,435.50
ASTM PIPE & FITTING,NON AGRI,FITTING,ASTM FITTING,UH1138,"114.30MM (4"") ELBOW SH-80 (P6)",EA,435.50
ASTM PIPE & FITTING,NON AGRI,FITTING,ASTM FITTING,UH1139,"168.28MM (6"") ELBOW SH-80 (P4)",EA,2006.80
ASTM PIPE & FITTING,NON AGRI,FITTING,ASTM FITTING,UH1144,"219.08MM (8"") ELBOW SH-80 (P2)",EA,7322.40
ASTM PIPE & FITTING,NON AGRI,FITTING,ASTM FITTING,US0024,"21.34MM(1/2"")BRASS ELBOW SH80(P60)",EA,94.80
ASTM PIPE & FITTING,NON AGRI,FITTING,ASTM FITTING,US1222,"21.34MM(1/2"")BRASS ELBOW SH80(P160)",EA,94.80
ASTM PIPE & FITTING,NON AGRI,FITTING,ASTM FITTING,US1223,"26.67MM(3/4"")BRASS ELBOW SH80(P32)",EA,120.50
ASTM PIPE & FITTING,NON AGRI,FITTING,ASTM FITTING,US1224,"33.40MM(1"")BRASS ELBOW SH80(P20)",EA,233.70
ASTM PIPE & FITTING,NON AGRI,FITTING,ASTM FITTING,US1225,"26.67X21.34MM(3/4X1/2"")R.ELBOW SH80(P96)",EA,20.40
ASTM PIPE & FITTING,NON AGRI,FITTING,ASTM FITTING,US0025,"33.40X21.34MM (1X1/2"")R.ELBOW S80 (P60)",EA,26.90
ASTM PIPE & FITTING,NON AGRI,FITTING,ASTM FITTING,US1226,"33.40X21.34MM (1X1/2"")R.ELBOW S80 (P160)",EA,26.90
ASTM PIPE & FITTING,NON AGRI,FITTING,ASTM FITTING,US0026,"33.40MM (1X3/4"") ELBOW SH-80 (P60)",EA,32.40
ASTM PIPE & FITTING,NON AGRI,FITTING,ASTM FITTING,US1227,"33.40MM (1X3/4"") ELBOW SH-80 (P140)",EA,32.40
ASTM PIPE & FITTING,NON AGRI,FITTING,ASTM FITTING,US0027,"26.67X21.34MM(3/4X1/2"")BRASS ELBOW(P40)",EA,107.10
ASTM PIPE & FITTING,NON AGRI,FITTING,ASTM FITTING,US1228,"26.67X21.34MM(3/4X1/2"")BRASS ELBOW(P160)",EA,107.10
ASTM PIPE & FITTING,NON AGRI,FITTING,ASTM FITTING,US0028,"33.40X21.34MM(1X1/2"")BRASS ELBOW(P30)",EA,117.70
ASTM PIPE & FITTING,NON AGRI,FITTING,ASTM FITTING,US1229,"33.40X21.34MM(1X1/2"")BRASS ELBOW (P135)",EA,117.70
ASTM PIPE & FITTING,NON AGRI,FITTING,ASTM FITTING,US1233,"33.40X26.67MM (1X3/4"") BRASS ELBOW (P25)",EA,142.30
ASTM PIPE & FITTING,NON AGRI,FITTING,ASTM FITTING,US0029,"21.34MM(1/2"")THRD. ELBOW SH80(P180)",EA,11.60
ASTM PIPE & FITTING,NON AGRI,FITTING,ASTM FITTING,US1234,"21.34MM(1/2"")THRD. ELBOW SH80(P405)",EA,11.60
ASTM PIPE & FITTING,NON AGRI,FITTING,ASTM FITTING,US1235,"26.67MM(3/4"")THRD. ELBOW SH80(P105)",EA,18.10
ASTM PIPE & FITTING,NON AGRI,FITTING,ASTM FITTING,US1236,"33.40MM(1"")THRD. ELBOW SH80(P60)",EA,31.70
ASTM PIPE & FITTING,NON AGRI,FITTING,ASTM FITTING,US1237,"42.16MM (11/4"")THRD. ELBOW SH80(P32)",EA,47.90
ASTM PIPE & FITTING,NON AGRI,FITTING,ASTM FITTING,US1238,"48.26MM(11/2"")THRD. ELBOW SH80(P24)",EA,63.20
ASTM PIPE & FITTING,NON AGRI,FITTING,ASTM FITTING,US1239,"60.32MM(2"")THRD. ELBOW SH80(P14)",EA,97.10
ASTM PIPE & FITTING,NON AGRI,FITTING,ASTM FITTING,US0030,"21.34MM (1/2""X45°) ELBOW SH-80 (P210)",EA,9.60
ASTM PIPE & FITTING,NON AGRI,FITTING,ASTM FITTING,US1244,"21.34MM (1/2""X45°) ELBOW SH-80 (P420)",EA,9.60
ASTM PIPE & FITTING,NON AGRI,FITTING,ASTM FITTING,US0031,"26.67MM (3/4""X45°) ELBOW SH-80 (P120)",EA,14.30
ASTM PIPE & FITTING,NON AGRI,FITTING,ASTM FITTING,US1245,"26.67MM (3/4""X45°) ELBOW SH-80 (P280)",EA,14.30
ASTM PIPE & FITTING,NON AGRI,FITTING,ASTM FITTING,US0032,"33.40 (1""X45°) ELBOW SH-80 (P60)",EA,21.80
ASTM PIPE & FITTING,NON AGRI,FITTING,ASTM FITTING,US1246,"33.40 (1""X45°) ELBOW SH-80 (P160)",EA,21.80
ASTM PIPE & FITTING,NON AGRI,FITTING,ASTM FITTING,US1247,"42.16MM (11/4""X45°) ELBOW SH-80 (P40)",EA,33.50
ASTM PIPE & FITTING,NON AGRI,FITTING,ASTM FITTING,US0033,"48.26MM (11/2""X45°) ELBOW SH-80 (P24)",EA,43.80
ASTM PIPE & FITTING,NON AGRI,FITTING,ASTM FITTING,US1248,"48.26MM (11/2""X45°) ELBOW SH-80 (P64)",EA,43.80
ASTM PIPE & FITTING,NON AGRI,FITTING,ASTM FITTING,US1249,"60.32MM (2""X45°) ELBOW SH-80 (P15)",EA,69.70
ASTM PIPE & FITTING,NON AGRI,FITTING,ASTM FITTING,UH0013,"73.02MM (21/2""X45º) ELBOW SH-80 (P36)",EA,142.70
ASTM PIPE & FITTING,NON AGRI,FITTING,ASTM FITTING,UH1145,"73.02MM (21/2""X45º) ELBOW SH-80 (P16)",EA,142.70
ASTM PIPE & FITTING,NON AGRI,FITTING,ASTM FITTING,UH0014,"88.90MM (3""X45º) ELBOW SH-80 (P20)",EA,205.20
ASTM PIPE & FITTING,NON AGRI,FITTING,ASTM FITTING,UH1146,"88.90MM (3""X45º) ELBOW SH-80 (P10)",EA,205.20
ASTM PIPE & FITTING,NON AGRI,FITTING,ASTM FITTING,UH0015,"114.30MM (4""X45º) ELBOW SH-80 (P12)",EA,351.80
ASTM PIPE & FITTING,NON AGRI,FITTING,ASTM FITTING,UH1147,"114.30MM (4""X45º) ELBOW SH-80 (P6)",EA,351.80
ASTM PIPE & FITTING,NON AGRI,FITTING,ASTM FITTING,UH1148,"168.28MM (6""X45°) ELBOW SH-80 (P5)",EA,1413.20
ASTM PIPE & FITTING,NON AGRI,FITTING,ASTM FITTING,UH1149,"219.08MM (8""X45°) ELBOW SH-80 (P2)",EA,5578.80
ASTM PIPE & FITTING,NON AGRI,FITTING,ASTM FITTING,US0034,"21.34MM(1/2"")F.T.A. SH80(P294)",EA,7.40
ASTM PIPE & FITTING,NON AGRI,FITTING,ASTM FITTING,US1255,"21.34MM(1/2"")F.T.A. SH80(P490)",EA,7.40
ASTM PIPE & FITTING,NON AGRI,FITTING,ASTM FITTING,US0035,"26.67MM(3/4"")F.T.A. SH80(P180)",EA,11.10
ASTM PIPE & FITTING,NON AGRI,FITTING,ASTM FITTING,US1256,"26.67MM(3/4"")F.T.A. SH80(P315)",EA,11.10
ASTM PIPE & FITTING,NON AGRI,FITTING,ASTM FITTING,US0036,"33.40MM(1"")F.T.A. SH80(P120)",EA,17.20
ASTM PIPE & FITTING,NON AGRI,FITTING,ASTM FITTING,US1257,"33.40MM(1"")F.T.A. SH80(P210)",EA,17.20
ASTM PIPE & FITTING,NON AGRI,FITTING,ASTM FITTING,US0037,"42.16MM(11/4"")F.T.A. SH80(P64)",EA,25.30
ASTM PIPE & FITTING,NON AGRI,FITTING,ASTM FITTING,US1258,"42.16MM(11/4"")F.T.A. SH80 (P128)",EA,25.30
ASTM PIPE & FITTING,NON AGRI,FITTING,ASTM FITTING,US0038,"48.26MM(11/2"")F.T.A. SH80(P48)",EA,31.60
ASTM PIPE & FITTING,NON AGRI,FITTING,ASTM FITTING,US1259,"48.26MM(11/2"")F.T.A. SH80 (P96)",EA,31.60
ASTM PIPE & FITTING,NON AGRI,FITTING,ASTM FITTING,US1266,"60.32MM(2"")F.T.A. SH80(P24)",EA,47.90
ASTM PIPE & FITTING,NON AGRI,FITTING,ASTM FITTING,UH0016,"73.02MM(21/2"")F.T.A. SH80(P50)",EA,88.00
ASTM PIPE & FITTING,NON AGRI,FITTING,ASTM FITTING,UH1155,"73.02MM(21/2"")F.T.A. SH80(P25)",EA,88.00
ASTM PIPE & FITTING,NON AGRI,FITTING,ASTM FITTING,UH0017,"88.90MM (3"") F.T.A. SH-80 (P32)",EA,120.60
ASTM PIPE & FITTING,NON AGRI,FITTING,ASTM FITTING,UH1156,"88.90MM (3"") F.T.A. SH-80 (P20)",EA,120.60
ASTM PIPE & FITTING,NON AGRI,FITTING,ASTM FITTING,UH0018,"114.30MM(4"")F.T.A. SH80(P18)",EA,194.10
ASTM PIPE & FITTING,NON AGRI,FITTING,ASTM FITTING,UH1157,"114.30MM(4"")F.T.A. SH80(P10)",EA,194.10
ASTM PIPE & FITTING,NON AGRI,FITTING,ASTM FITTING,US0039,"21.34MM(1/2"")BRASS F.T.A SH80(P90)",EA,90.70
ASTM PIPE & FITTING,NON AGRI,FITTING,ASTM FITTING,US1267,"21.34MM(1/2"")BRASS F.T.A SH80(P210)",EA,90.70
ASTM PIPE & FITTING,NON AGRI,FITTING,ASTM FITTING,US1268,"26.67MM(3/4"")BRASS F.T.A. SH80(P48)",EA,113.60
ASTM PIPE & FITTING,NON AGRI,FITTING,ASTM FITTING,US1269,"33.40MM(1"")BRASS F.T.A. SH80(P38)",EA,196.50
ASTM PIPE & FITTING,NON AGRI,FITTING,ASTM FITTING,US1277,"42.16MM(1 1/4"") BRASS F.T.A. SH80 (P32)",EA,257.50
ASTM PIPE & FITTING,NON AGRI,FITTING,ASTM FITTING,US1278,"48.26MM(1 1/2"") BRASS F.T.A. SH80 (P22)",EA,346.90
ASTM PIPE & FITTING,NON AGRI,FITTING,ASTM FITTING,US1279,"60.32MM (2"") BRASS F.T.A. SH80 (P9)",EA,550.10
ASTM PIPE & FITTING,NON AGRI,FITTING,ASTM FITTING,UH1158,"73.02MM(21/2"") BRASS F.T.A. SH80 (P6)",EA,930.50
ASTM PIPE & FITTING,NON AGRI,FITTING,ASTM FITTING,UH1159,"88.90MM(3"") BRASS F.T.A. SH80 (P5)",EA,1401.10
ASTM PIPE & FITTING,NON AGRI,FITTING,ASTM FITTING,US0040,"26.67X21.34MM(3/4X1/2"")BRASS F.T.A.(P90)",EA,91.20
ASTM PIPE & FITTING,NON AGRI,FITTING,ASTM FITTING,US1288,"26.67X21.34MM(3/4X1/2"")BRASS F.T.A.(P180",EA,91.20
ASTM PIPE & FITTING,NON AGRI,FITTING,ASTM FITTING,US0041,"33.40X21.34MM(1X1/2"")BRASS F.T.A.(P50)",EA,96.80
ASTM PIPE & FITTING,NON AGRI,FITTING,ASTM FITTING,US1289,"33.40X21.34MM(1X1/2"")BRASS F.T.A.(P150)",EA,96.80
ASTM PIPE & FITTING,NON AGRI,FITTING,ASTM FITTING,US0042,"33.40X26.67MM(1X3/4"")BRASS F.T.A.(P40)",EA,117.00
ASTM PIPE & FITTING,NON AGRI,FITTING,ASTM FITTING,US1299,"33.40X26.67MM(1X3/4"")BRASS F.T.A.(P80)",EA,117.00
ASTM PIPE & FITTING,NON AGRI,FITTING,ASTM FITTING,US0043,"21.34MM(1/2"")M.T.A. SH80(P400)",EA,5.80
ASTM PIPE & FITTING,NON AGRI,FITTING,ASTM FITTING,US1333,"21.34MM(1/2"")M.T.A. SH80(P700)",EA,5.80
ASTM PIPE & FITTING,NON AGRI,FITTING,ASTM FITTING,US0044,"26.67MM(3/4"")M.T.A. SH80(P294)",EA,8.40
ASTM PIPE & FITTING,NON AGRI,FITTING,ASTM FITTING,US1334,"26.67MM(3/4"")M.T.A. SH80(P490)",EA,8.40
ASTM PIPE & FITTING,NON AGRI,FITTING,ASTM FITTING,US0045,"33.40MM(1"")M.T.A. SH80(P174)",EA,13.50
ASTM PIPE & FITTING,NON AGRI,FITTING,ASTM FITTING,US1335,"33.40MM(1"")M.T.A. SH80(P261)",EA,13.50
ASTM PIPE & FITTING,NON AGRI,FITTING,ASTM FITTING,US0046,"42.16MM(11/4"")M.T.A. SH80(P100)",EA,20.40
ASTM PIPE & FITTING,NON AGRI,FITTING,ASTM FITTING,US1336,"42.16MM(11/4"")M.T.A. SH80 (P200)",EA,20.40
ASTM PIPE & FITTING,NON AGRI,FITTING,ASTM FITTING,US0047,"48.26MM(11/2"")M.T.A. SH80(P60)",EA,26.90
ASTM PIPE & FITTING,NON AGRI,FITTING,ASTM FITTING,US1337,"48.26MM(11/2"")M.T.A. SH80 (P140)",EA,26.90
ASTM PIPE & FITTING,NON AGRI,FITTING,ASTM FITTING,US1338,"60.32MM(2"")M.T.A. SH80(P36)",EA,39.90
ASTM PIPE & FITTING,NON AGRI,FITTING,ASTM FITTING,UH0019,"73.02MM(21/2"")M.T.A. SH80(P50)",EA,85.40
ASTM PIPE & FITTING,NON AGRI,FITTING,ASTM FITTING,UH1166,"73.02MM(21/2"")M.T.A. SH80(P28)",EA,85.40
ASTM PIPE & FITTING,NON AGRI,FITTING,ASTM FITTING,UH0020,"88.90MM (3"") M.T.A. SH-80 (P36)",EA,114.60
ASTM PIPE & FITTING,NON AGRI,FITTING,ASTM FITTING,UH1167,"88.90MM (3"") M.T.A. SH-80 (P24)",EA,114.60
ASTM PIPE & FITTING,NON AGRI,FITTING,ASTM FITTING,UH0021,"114.30MM (4"") M.T.A. SH-80 (P24)",EA,199.40
ASTM PIPE & FITTING,NON AGRI,FITTING,ASTM FITTING,UH1168,"114.30MM (4"") M.T.A. SH-80 (P15)",EA,199.40
ASTM PIPE & FITTING,NON AGRI,FITTING,ASTM FITTING,US1339,"26.67X21.34MM(3/4X1/2"")RED. M.T.A. SH80(",EA,10.00
ASTM PIPE & FITTING,NON AGRI,FITTING,ASTM FITTING,US0048,"21.34MM(1/2"")BRASS M.T.A. SH80(P90)",EA,133.40
ASTM PIPE & FITTING,NON AGRI,FITTING,ASTM FITTING,US1344,"21.34MM(1/2"")BRASS M.T.A. SH80(P150)",EA,133.40
ASTM PIPE & FITTING,NON AGRI,FITTING,ASTM FITTING,US0049,"26.67MM(3/4"")BRASS M.T.A. SH80(P56)",EA,196.80
ASTM PIPE & FITTING,NON AGRI,FITTING,ASTM FITTING,US1345,"26.67MM(3/4"")BRASS M.T.A. SH80 (P112)",EA,196.80
ASTM PIPE & FITTING,NON AGRI,FITTING,ASTM FITTING,US0050,"33.40MM(1"")BRASS M.T.A. SH80(P32)",EA,247.00
ASTM PIPE & FITTING,NON AGRI,FITTING,ASTM FITTING,US1346,"33.40MM(1"")BRASS M.T.A. SH80 (P80)",EA,247.00
ASTM PIPE & FITTING,NON AGRI,FITTING,ASTM FITTING,US1347,"42.16MM(1 1/4"") BRASS M.T.A. SH80 (P48)",EA,335.70
ASTM PIPE & FITTING,NON AGRI,FITTING,ASTM FITTING,US1348,"48.26MM(1 1/2"") BRASS M.T.A. SH80 (P40)",EA,413.40
ASTM PIPE & FITTING,NON AGRI,FITTING,ASTM FITTING,US1349,"60.32MM (2"") BRASS M.T.A. SH80 (P10)",EA,620.30
ASTM PIPE & FITTING,NON AGRI,FITTING,ASTM FITTING,UH1169,"73.02MM(21/2"") BRASS M.T.A. SH80 (P6)",EA,1395.80
ASTM PIPE & FITTING,NON AGRI,FITTING,ASTM FITTING,UH1177,"88.90MM(3"") BRASS M.T.A. SH80 (P5)",EA,1426.30
ASTM PIPE & FITTING,NON AGRI,FITTING,ASTM FITTING,US0051,"26.67X21.34MM(3/4X1/2"")BRASS M.T.A.(P72)",EA,127.30
ASTM PIPE & FITTING,NON AGRI,FITTING,ASTM FITTING,US1355,"26.67X21.34MM(3/4X1/2"")BRASS M.T.A.(P144",EA,127.30
ASTM PIPE & FITTING,NON AGRI,FITTING,ASTM FITTING,US1356,"33.40X21.34MM(1X1/2"")BRASS M.T.A.(P45)",EA,135.00
ASTM PIPE & FITTING,NON AGRI,FITTING,ASTM FITTING,US0052,"33.40X26.67MM(1X3/4"")BRASS M.T.A.(P40)",EA,220.70
ASTM PIPE & FITTING,NON AGRI,FITTING,ASTM FITTING,US1357,"33.40X26.67MM(1X3/4"")BRASS M.T.A.(P80)",EA,220.70
ASTM PIPE & FITTING,NON AGRI,FITTING,ASTM FITTING,US0053,"21.34MM (1/2"") TEE SH-80 (P96)",EA,14.80
ASTM PIPE & FITTING,NON AGRI,FITTING,ASTM FITTING,US1358,"21.34MM (1/2"") TEE SH-80 (P256)",EA,14.80
ASTM PIPE & FITTING,NON AGRI,FITTING,ASTM FITTING,US0054,"26.67MM (3/4"") TEE SH-80 (P66)",EA,20.50
ASTM PIPE & FITTING,NON AGRI,FITTING,ASTM FITTING,US1359,"26.67MM (3/4"") TEE SH-80 (P176)",EA,20.50
ASTM PIPE & FITTING,NON AGRI,FITTING,ASTM FITTING,US0055,"33.40MM (1"") TEE SH-80 (P36)",EA,36.10
ASTM PIPE & FITTING,NON AGRI,FITTING,ASTM FITTING,US1366,"33.40MM (1"") TEE SH-80 (P84)",EA,36.10
ASTM PIPE & FITTING,NON AGRI,FITTING,ASTM FITTING,US0056,"42.16MM (11/4"") TEE SH-80 (P24)",EA,53.00
ASTM PIPE & FITTING,NON AGRI,FITTING,ASTM FITTING,US1367,"42.16MM (11/4"") TEE SH-80 (P56)",EA,53.00
ASTM PIPE & FITTING,NON AGRI,FITTING,ASTM FITTING,US0057,"48.26MM (11/2"") TEE SH-80 (P15)",EA,70.80
ASTM PIPE & FITTING,NON AGRI,FITTING,ASTM FITTING,US1368,"48.26MM (11/2"") TEE SH-80 (P35)",EA,70.80
ASTM PIPE & FITTING,NON AGRI,FITTING,ASTM FITTING,US0058,"60.32MM(2"")TEE SH80 (P9)",EA,113.80
ASTM PIPE & FITTING,NON AGRI,FITTING,ASTM FITTING,US1369,"60.32MM(2"")TEE SH80 (P24)",EA,113.80
ASTM PIPE & FITTING,NON AGRI,FITTING,ASTM FITTING,UH0022,"73.02MM (21/2"") TEE SH-80 (P18)",EA,225.20
ASTM PIPE & FITTING,NON AGRI,FITTING,ASTM FITTING,UH1178,"73.02MM (21/2"") TEE SH-80 (P12)",EA,225.20
ASTM PIPE & FITTING,NON AGRI,FITTING,ASTM FITTING,UH0023,"88.90MM(3"")TEE SH80(P12)",EA,329.00
ASTM PIPE & FITTING,NON AGRI,FITTING,ASTM FITTING,UH1179,"88.90MM(3"")TEE SH80 (P6)",EA,329.00
ASTM PIPE & FITTING,NON AGRI,FITTING,ASTM FITTING,UH0024,"114.30MM (4"") TEE SH-80 (P6)",EA,581.90
ASTM PIPE & FITTING,NON AGRI,FITTING,ASTM FITTING,UH1188,"114.30MM (4"") TEE SH-80 (P4)",EA,581.90
ASTM PIPE & FITTING,NON AGRI,FITTING,ASTM FITTING,UH1189,"168.28MM (6"") TEE SH-80 (P3)",EA,2210.90
ASTM PIPE & FITTING,NON AGRI,FITTING,ASTM FITTING,UH1199,"219.08MM (8"") TEE SH-80 (P2)",EA,10348.40
ASTM PIPE & FITTING,NON AGRI,FITTING,ASTM FITTING,US0059,"21.34MM(1/2"")BRASS TEE SH80(P45)",EA,99.10
ASTM PIPE & FITTING,NON AGRI,FITTING,ASTM FITTING,US1377,"21.34MM(1/2"")BRASS TEE SH80 (P150)",EA,99.10
ASTM PIPE & FITTING,NON AGRI,FITTING,ASTM FITTING,US1378,"26.67MM(3/4"")BRASS TEE SH80(P24)",EA,125.10
ASTM PIPE & FITTING,NON AGRI,FITTING,ASTM FITTING,US1379,"33.40MM(1"")BRASS TEE SH80(P16)",EA,240.80
ASTM PIPE & FITTING,NON AGRI,FITTING,ASTM FITTING,US0060,"26.67X21.34MM(3/4X1/2"")BRASS TEE(P24)",EA,110.00
ASTM PIPE & FITTING,NON AGRI,FITTING,ASTM FITTING,US1388,"26.67X21.34MM(3/4X1/2"")BRASS TEE(P144)",EA,110.00
ASTM PIPE & FITTING,NON AGRI,FITTING,ASTM FITTING,US0061,"33.40X21.34MM(1X1/2"")BRASS TEE(P20)",EA,121.90
ASTM PIPE & FITTING,NON AGRI,FITTING,ASTM FITTING,US1389,"33.40X21.34MM(1X1/2"")BRASS TEE (P100)",EA,121.90
ASTM PIPE & FITTING,NON AGRI,FITTING,ASTM FITTING,US1399,"33.40X26.67MM (1X3/4"") BRASS TEE (P20)",EA,148.90
ASTM PIPE & FITTING,NON AGRI,FITTING,ASTM FITTING,US0062,"42.16X21.34MM(11/4""X1/2"")BRASS TEE(P16)",EA,146.30
ASTM PIPE & FITTING,NON AGRI,FITTING,ASTM FITTING,US1444,"42.16X21.34MM(11/4""X1/2"")BRASS TEE(P28)",EA,146.30
ASTM PIPE & FITTING,NON AGRI,FITTING,ASTM FITTING,US1445,"26.67X21.34MM(3/4X1/2"")R.TEE SH80(P68)",EA,21.30
ASTM PIPE & FITTING,NON AGRI,FITTING,ASTM FITTING,US0063,"33.40X21.34MM(1X1/2"")R.TEE SH-80(P50)",EA,34.70
ASTM PIPE & FITTING,NON AGRI,FITTING,ASTM FITTING,US1446,"33.40X21.34MM(1X1/2"")R.TEE SH-80(P110)",EA,34.70
ASTM PIPE & FITTING,NON AGRI,FITTING,ASTM FITTING,US0064,"33.40X26.67MM(1X3/4"")R.TEE SH80(P36)",EA,34.70
ASTM PIPE & FITTING,NON AGRI,FITTING,ASTM FITTING,US1447,"33.40X26.67MM(1X3/4"")R.TEE SH80(P99)",EA,34.70
ASTM PIPE & FITTING,NON AGRI,FITTING,ASTM FITTING,US1448,"42.16x21.34MM(11/4X1/2"")R.TEE SH80(P24)",EA,50.00
ASTM PIPE & FITTING,NON AGRI,FITTING,ASTM FITTING,US1449,"42.16X26.67MM(11/4X3/4"")R.TEE SH80(P24)",EA,53.20
ASTM PIPE & FITTING,NON AGRI,FITTING,ASTM FITTING,US1455,"42.16X33.40MM(11/4X1"")R.TEE SH80(P24)",EA,58.80
ASTM PIPE & FITTING,NON AGRI,FITTING,ASTM FITTING,US1456,"48.26X21.34MM(11/2X1/2"")R.TEE SH80(P18)",EA,69.20
ASTM PIPE & FITTING,NON AGRI,FITTING,ASTM FITTING,US1457,"48.26X26.67MM(11/2X3/4"")R.TEE SH80(P18)",EA,71.80
ASTM PIPE & FITTING,NON AGRI,FITTING,ASTM FITTING,US1458,"48.26X33.40MM(11/2X1"")R.TEE SH80(P18)",EA,76.10
ASTM PIPE & FITTING,NON AGRI,FITTING,ASTM FITTING,US1459,"48.26X42.16MM(11/2X11/4"")R.TEE SH80(P15)",EA,80.70
ASTM PIPE & FITTING,NON AGRI,FITTING,ASTM FITTING,US1466,"60.32X21.34MM(2X1/2"")R.TEE SH80 (P9)",EA,109.70
ASTM PIPE & FITTING,NON AGRI,FITTING,ASTM FITTING,US1467,"60.32X26.67MM(2X3/4"")R.TEE SH80(P9)",EA,110.80
ASTM PIPE & FITTING,NON AGRI,FITTING,ASTM FITTING,US1468,"60.32X33.40MM(2X1"")R.TEE SH80(P9)",EA,126.30
ASTM PIPE & FITTING,NON AGRI,FITTING,ASTM FITTING,US1469,"60.32X42.16MM(2X11/4"")R.TEE SH80(P9)",EA,118.10
ASTM PIPE & FITTING,NON AGRI,FITTING,ASTM FITTING,US1477,"60.32X48.26MM(2X11/2"")R.TEE SH80(P9)",EA,122.50
ASTM PIPE & FITTING,NON AGRI,FITTING,ASTM FITTING,UH0025,"73.02X21.34MM(21/2X1/2"")R.TEE SH80(P29)",EA,193.50
ASTM PIPE & FITTING,NON AGRI,FITTING,ASTM FITTING,UH1222,"73.02X21.34MM(21/2X1/2"")R.TEE SH80(P14)",EA,193.50
ASTM PIPE & FITTING,NON AGRI,FITTING,ASTM FITTING,UH0026,"73.02X26.67MM(21/2X3/4"")R.TEE SH80(P24)",EA,194.10
ASTM PIPE & FITTING,NON AGRI,FITTING,ASTM FITTING,UH1223,"73.02X26.67MM(21/2X3/4"")R.TEE SH80(P14)",EA,194.10
ASTM PIPE & FITTING,NON AGRI,FITTING,ASTM FITTING,UH0027,"73.02X33.40MM(21/2X1"")R.TEE SH80 (P24)",EA,196.20
ASTM PIPE & FITTING,NON AGRI,FITTING,ASTM FITTING,UH1224,"73.02X33.40MM(21/2X1"")R.TEE SH80 (P14)",EA,196.20
ASTM PIPE & FITTING,NON AGRI,FITTING,ASTM FITTING,UH0028,"73.02X42.16MM(21/2X11/4"")R.TEE SH80(P24)",EA,199.80
ASTM PIPE & FITTING,NON AGRI,FITTING,ASTM FITTING,UH1225,"73.02X42.16MM(21/2X11/4"")R.TEE SH80(P14)",EA,199.80
ASTM PIPE & FITTING,NON AGRI,FITTING,ASTM FITTING,UH0029,"73.02X48.26MM(21/2X11/2"")R.TEE SH80(P24)",EA,200.80
ASTM PIPE & FITTING,NON AGRI,FITTING,ASTM FITTING,UH1226,"73.02X48.26MM(21/2X11/2"")R.TEE SH80(P14)",EA,200.80
ASTM PIPE & FITTING,NON AGRI,FITTING,ASTM FITTING,UH0030,"73.02X60.32MM(21/2X2"")R.TEE SH80(P20)",EA,207.00
ASTM PIPE & FITTING,NON AGRI,FITTING,ASTM FITTING,UH1227,"73.02X60.32MM(21/2X2"")R.TEE SH80(P14)",EA,207.00
ASTM PIPE & FITTING,NON AGRI,FITTING,ASTM FITTING,UH0031,"88.90X21.34MM(3X1/2"")R.TEE SH80(P16)",EA,283.40
ASTM PIPE & FITTING,NON AGRI,FITTING,ASTM FITTING,UH1228,"88.90X21.34MM(3X1/2"")R.TEE SH80(P9)",EA,283.40
ASTM PIPE & FITTING,NON AGRI,FITTING,ASTM FITTING,UH0032,"88.90X26.67MM(3X3/4"")R.TEE SH80(P16)",EA,284.00
ASTM PIPE & FITTING,NON AGRI,FITTING,ASTM FITTING,UH1229,"88.90X26.67MM(3X3/4"")R.TEE SH80(P9)",EA,284.00
ASTM PIPE & FITTING,NON AGRI,FITTING,ASTM FITTING,UH0033,"88.90X33.40MM(3X1"")R.TEE SH80(P16)",EA,286.10
ASTM PIPE & FITTING,NON AGRI,FITTING,ASTM FITTING,UH1233,"88.90X33.40MM(3X1"")R.TEE SH80(P9)",EA,286.10
ASTM PIPE & FITTING,NON AGRI,FITTING,ASTM FITTING,UH0034,"88.90X42.16MM(3X11/4"")R.TEE SH80(P16)",EA,288.20
ASTM PIPE & FITTING,NON AGRI,FITTING,ASTM FITTING,UH1234,"88.90X42.16MM(3X11/4"")R.TEE SH80(P9)",EA,288.20
ASTM PIPE & FITTING,NON AGRI,FITTING,ASTM FITTING,UH0035,"88.90X48.26MM(3X11/2"")R.TEE SH80(P14)",EA,292.90
ASTM PIPE & FITTING,NON AGRI,FITTING,ASTM FITTING,UH1235,"88.90X48.26MM(3X11/2"")R.TEE SH80(P9)",EA,292.90
ASTM PIPE & FITTING,NON AGRI,FITTING,ASTM FITTING,UH0036,"88.90X60.32MM(3X2"")R.TEE SH80(P13)",EA,298.60
ASTM PIPE & FITTING,NON AGRI,FITTING,ASTM FITTING,UH1236,"88.90X60.32MM(3X2"")R.TEE SH80(P9)",EA,298.60
ASTM PIPE & FITTING,NON AGRI,FITTING,ASTM FITTING,UH0037,"88.90X73.02MM(3X21/2"")R.TEE SH80(P13)",EA,313.10
ASTM PIPE & FITTING,NON AGRI,FITTING,ASTM FITTING,UH1237,"88.90X73.02MM(3X21/2"")R.TEE SH80(P9)",EA,313.10
ASTM PIPE & FITTING,NON AGRI,FITTING,ASTM FITTING,UH0038,"114.30X21.34MM (4X1/2"") R.TEE SH-80 (P9)",EA,501.80
ASTM PIPE & FITTING,NON AGRI,FITTING,ASTM FITTING,UH1238,"114.30X21.34MM (4X1/2"") R.TEE SH-80 (P6)",EA,501.80
ASTM PIPE & FITTING,NON AGRI,FITTING,ASTM FITTING,UH0039,"114.30X26.67MM (4X3/4"") R.TEE SH-80 (P9)",EA,503.60
ASTM PIPE & FITTING,NON AGRI,FITTING,ASTM FITTING,UH1239,"114.30X26.67MM (4X3/4"") R.TEE SH-80 (P5)",EA,503.60
ASTM PIPE & FITTING,NON AGRI,FITTING,ASTM FITTING,UH0040,"114.30X33.40MM (4X1"") R.TEE SH-80 (P8)",EA,506.10
ASTM PIPE & FITTING,NON AGRI,FITTING,ASTM FITTING,UH1244,"114.30X33.40MM (4X1"") R.TEE SH-80 (P5)",EA,506.10
ASTM PIPE & FITTING,NON AGRI,FITTING,ASTM FITTING,UH0041,"114.30X42.16MM (4X11/4"") R.TEE (P8)",EA,507.60
ASTM PIPE & FITTING,NON AGRI,FITTING,ASTM FITTING,UH1245,"114.30X42.16MM (4X11/4"") R.TEE (P5)",EA,507.60
ASTM PIPE & FITTING,NON AGRI,FITTING,ASTM FITTING,UH0042,"114.30X48.26MM (4X11/2"") R.TEE SH-80 (P8",EA,509.20
ASTM PIPE & FITTING,NON AGRI,FITTING,ASTM FITTING,UH1246,"114.30X48.26MM (4X11/2"") R.TEE SH-80(P5)",EA,509.20
ASTM PIPE & FITTING,NON AGRI,FITTING,ASTM FITTING,UH0043,"114.30X60.32MM (4X2"") R.TEE SH-80 (P6)",EA,514.70
ASTM PIPE & FITTING,NON AGRI,FITTING,ASTM FITTING,UH1247,"114.30X60.32MM (4X2"") R.TEE SH-80 (P5)",EA,514.70
ASTM PIPE & FITTING,NON AGRI,FITTING,ASTM FITTING,UH0044,"114.30X73.02MM (4X21/2"") R.TEE SH-80 (P6",EA,527.80
ASTM PIPE & FITTING,NON AGRI,FITTING,ASTM FITTING,UH1248,"114.30X73.02MM (4X21/2"") R.TEE SH-80(P5)",EA,527.80
ASTM PIPE & FITTING,NON AGRI,FITTING,ASTM FITTING,UH0045,"114.30X88.90MM (4X3"") R.TEE SH-80 (P6)",EA,540.70
ASTM PIPE & FITTING,NON AGRI,FITTING,ASTM FITTING,UH1249,"114.30X88.90MM (4X3"") R.TEE SH-80 (P4)",EA,540.70
ASTM PIPE & FITTING,NON AGRI,FITTING,ASTM FITTING,US1478,"21.34MM (1/2"") CROSS TEE SH-80 (P84)",EA,18.10
ASTM PIPE & FITTING,NON AGRI,FITTING,ASTM FITTING,US0065,"26.67MM (3/4"") CROSS TEE SH-80 (P63)",EA,25.40
ASTM PIPE & FITTING,NON AGRI,FITTING,ASTM FITTING,US1479,"26.67MM (3/4"") CROSS TEE SH-80 (P42)",EA,25.40
ASTM PIPE & FITTING,NON AGRI,FITTING,ASTM FITTING,US1488,"33.40MM (1"") CROSS TEE SH-80 (P30)",EA,40.60
ASTM PIPE & FITTING,NON AGRI,FITTING,ASTM FITTING,US1489,"21.34MM (1/2"")THRD. TEE SH80(P110)",EA,15.20
ASTM PIPE & FITTING,NON AGRI,FITTING,ASTM FITTING,US1499,"26.67MM (3/4"") THRD. TEE SH-80 (P72)",EA,21.70
ASTM PIPE & FITTING,NON AGRI,FITTING,ASTM FITTING,US1555,"33.40MM(1"")THRD. TEE SH80(P45)",EA,35.40
ASTM PIPE & FITTING,NON AGRI,FITTING,ASTM FITTING,US1556,"42.16MM (11/4"") THRD. TEE SH-80 (P24)",EA,51.60
ASTM PIPE & FITTING,NON AGRI,FITTING,ASTM FITTING,US1557,"48.26MM(11/2"")THRD. TEE SH80(P16)",EA,70.50
ASTM PIPE & FITTING,NON AGRI,FITTING,ASTM FITTING,US1558,"60.32MM(2"")THRD. TEE SH80(P-12)",EA,108.50
ASTM PIPE & FITTING,NON AGRI,FITTING,ASTM FITTING,US0066,"26.67X21.34MM(3/4X1/2"")RED SH80(P160)",EA,10.60
ASTM PIPE & FITTING,NON AGRI,FITTING,ASTM FITTING,US1559,"26.67X21.34MM(3/4X1/2"")RED SH80(P320)",EA,10.60
ASTM PIPE & FITTING,NON AGRI,FITTING,ASTM FITTING,US0067,"33.40X21.34MM(1X1/2"")RED SH80(P150)",EA,18.90
ASTM PIPE & FITTING,NON AGRI,FITTING,ASTM FITTING,US1566,"33.40X21.34MM(1X1/2"")RED SH80(P210)",EA,18.90
ASTM PIPE & FITTING,NON AGRI,FITTING,ASTM FITTING,US0068,"33.40X26.67MM(1X3/4"")RED SH80(P100)",EA,16.00
ASTM PIPE & FITTING,NON AGRI,FITTING,ASTM FITTING,US1567,"33.40X26.67MM(1X3/4"")RED SH80(P200)",EA,16.00
ASTM PIPE & FITTING,NON AGRI,FITTING,ASTM FITTING,US1568,"42.16X21.34MM(11/4X1/2"")RED SH80(P80)",EA,26.40
ASTM PIPE & FITTING,NON AGRI,FITTING,ASTM FITTING,US0069,"42.16X26.67MM(11/4X3/4"")RED SH80(P80)",EA,29.00
ASTM PIPE & FITTING,NON AGRI,FITTING,ASTM FITTING,US1569,"42.16X26.67MM(11/4X3/4"")RED SH80(P80)",EA,29.00
ASTM PIPE & FITTING,NON AGRI,FITTING,ASTM FITTING,US1577,"42.16X33.40MM(11/4X1"")RED SH80(P60)",EA,24.80
ASTM PIPE & FITTING,NON AGRI,FITTING,ASTM FITTING,US1578,"48.26X21.34MM(11/2X1/2"")RED SH80(P60)",EA,30.80
ASTM PIPE & FITTING,NON AGRI,FITTING,ASTM FITTING,US1579,"48.26X26.67MM(11/2X3/4"")RED SH80(P60)",EA,32.50
ASTM PIPE & FITTING,NON AGRI,FITTING,ASTM FITTING,US0070,"48.26X33.40MM(11/2X1"")RED SH80(P60)",EA,37.40
ASTM PIPE & FITTING,NON AGRI,FITTING,ASTM FITTING,US1588,"48.26X33.40MM(11/2X1"")RED SH80(P120)",EA,37.40
ASTM PIPE & FITTING,NON AGRI,FITTING,ASTM FITTING,US1589,"48.26X42.16MM(11/2X11/4"")RED SH80(P40)",EA,32.60
ASTM PIPE & FITTING,NON AGRI,FITTING,ASTM FITTING,US1599,"60.32X21.34MM(2X1/2"")RED SH80(P45)",EA,45.60
ASTM PIPE & FITTING,NON AGRI,FITTING,ASTM FITTING,US1666,"60.32X26.67MM(2X3/4"")RED SH80(P45)",EA,46.40
ASTM PIPE & FITTING,NON AGRI,FITTING,ASTM FITTING,US1667,"60.32X33.40MM(2X1"")RED SH80(P36)",EA,54.70
ASTM PIPE & FITTING,NON AGRI,FITTING,ASTM FITTING,US1668,"60.32X42.16MM(2X11/4"")RED SH80(P36)",EA,56.70
ASTM PIPE & FITTING,NON AGRI,FITTING,ASTM FITTING,US1669,"60.32X48.26MM(2X11/2"")RED SH80 (P36)",EA,56.90
ASTM PIPE & FITTING,NON AGRI,FITTING,ASTM FITTING,UH0046,"73.02X21.34MM(21/2X1/2"")RED SH-80 (P88)",EA,72.50
ASTM PIPE & FITTING,NON AGRI,FITTING,ASTM FITTING,UH1255,"73.02X21.34MM(21/2X1/2"")RED SH-80 (P48)",EA,72.50
ASTM PIPE & FITTING,NON AGRI,FITTING,ASTM FITTING,UH0047,73.02X26.67MM(21/2X3/4'')RED SH-80 (P88),EA,73.00
ASTM PIPE & FITTING,NON AGRI,FITTING,ASTM FITTING,UH1256,73.02X26.67MM(21/2X3/4'')RED SH-80 (P48),EA,73.00
ASTM PIPE & FITTING,NON AGRI,FITTING,ASTM FITTING,UH0048,"73.02X33.40MM (21/2X1"") RED SH-80 (P88)",EA,71.70
ASTM PIPE & FITTING,NON AGRI,FITTING,ASTM FITTING,UH1257,"73.02X33.40MM (21/2X1"") RED SH-80 (P48)",EA,71.70
ASTM PIPE & FITTING,NON AGRI,FITTING,ASTM FITTING,UH0049,"73.02X42.16MM(21/2X11/4"")RED SH-80 (P80)",EA,86.30
ASTM PIPE & FITTING,NON AGRI,FITTING,ASTM FITTING,UH1258,"73.02X42.16MM(21/2X11/4"")RED SH-80 (P50)",EA,86.30
ASTM PIPE & FITTING,NON AGRI,FITTING,ASTM FITTING,UH0050,"73.02X48.26MM(21/2X11/2"")RED SH-80 (P80)",EA,89.10
ASTM PIPE & FITTING,NON AGRI,FITTING,ASTM FITTING,UH1259,"73.02X48.26MM(21/2X11/2"")RED SH-80 (P40)",EA,89.10
ASTM PIPE & FITTING,NON AGRI,FITTING,ASTM FITTING,UH0051,"73.02X60.32MM(21/2X2"")RED SH80(P60)",EA,91.10
ASTM PIPE & FITTING,NON AGRI,FITTING,ASTM FITTING,UH1266,"73.02X60.32MM(21/2X2"")RED SH80(P36)",EA,91.10
ASTM PIPE & FITTING,NON AGRI,FITTING,ASTM FITTING,UH0052,"88.90X21.34MM(3X1/2"")RED SH80(P56)",EA,98.00
ASTM PIPE & FITTING,NON AGRI,FITTING,ASTM FITTING,UH1267,"88.90X21.34MM(3X1/2"")RED SH80(P24)",EA,98.00
ASTM PIPE & FITTING,NON AGRI,FITTING,ASTM FITTING,UH0053,"88.90X26.67MM(3X3/4"")RED SH80(P56)",EA,99.90
ASTM PIPE & FITTING,NON AGRI,FITTING,ASTM FITTING,UH1268,"88.90X26.67MM(3X3/4"")RED SH80(P32)",EA,99.90
ASTM PIPE & FITTING,NON AGRI,FITTING,ASTM FITTING,UH0054,"88.90X33.40MM(3X1"")RED SH80(P56)",EA,102.90
ASTM PIPE & FITTING,NON AGRI,FITTING,ASTM FITTING,UH1269,"88.90X33.40MM(3X1"")RED SH80(P32)",EA,102.90
ASTM PIPE & FITTING,NON AGRI,FITTING,ASTM FITTING,UH0055,"88.90X42.16MM(3X11/4"")RED SH80(P56)",EA,102.90
ASTM PIPE & FITTING,NON AGRI,FITTING,ASTM FITTING,UH1277,"88.90X42.16MM(3X11/4"")RED SH80(P40)",EA,102.90
ASTM PIPE & FITTING,NON AGRI,FITTING,ASTM FITTING,UH0056,"88.90X48.26MM(3X11/2"")RED SH80(P40)",EA,115.80
ASTM PIPE & FITTING,NON AGRI,FITTING,ASTM FITTING,UH1278,"88.90X48.26MM(3X11/2"")RED SH80(P25)",EA,115.80
ASTM PIPE & FITTING,NON AGRI,FITTING,ASTM FITTING,UH0057,"88.90X60.32MM(3X2"")RED SH80(P40)",EA,121.00
ASTM PIPE & FITTING,NON AGRI,FITTING,ASTM FITTING,UH1279,"88.90X60.32MM(3X2"")RED SH80(P20)",EA,121.00
ASTM PIPE & FITTING,NON AGRI,FITTING,ASTM FITTING,UH0058,"88.90X73.02MM(3X21/2"")RED SH80(P40)",EA,135.40
ASTM PIPE & FITTING,NON AGRI,FITTING,ASTM FITTING,UH1288,"88.90X73.02MM(3X21/2"")RED SH80(P25)",EA,135.40
ASTM PIPE & FITTING,NON AGRI,FITTING,ASTM FITTING,UH0059,"114.30X21.34MM(4X1/2"")RED SH80(P36)",EA,167.70
ASTM PIPE & FITTING,NON AGRI,FITTING,ASTM FITTING,UH1289,"114.30X21.34MM(4X1/2"")RED SH80(P20)",EA,167.70
ASTM PIPE & FITTING,NON AGRI,FITTING,ASTM FITTING,UH0060,"114.30X26.67MM(4X3/4"")RED SH80(P36)",EA,168.60
ASTM PIPE & FITTING,NON AGRI,FITTING,ASTM FITTING,UH1299,"114.30X26.67MM(4X3/4"")RED SH80(P20)",EA,168.60
ASTM PIPE & FITTING,NON AGRI,FITTING,ASTM FITTING,UH0061,"114.30X33.40MM(4X1"")RED SH80(P36)",EA,169.90
ASTM PIPE & FITTING,NON AGRI,FITTING,ASTM FITTING,UH1333,"114.30X33.40MM(4X1"")RED SH80(P20)",EA,169.90
ASTM PIPE & FITTING,NON AGRI,FITTING,ASTM FITTING,UH0062,"114.30X42.16MM(4X11/4"")RED SH80(P30)",EA,172.10
ASTM PIPE & FITTING,NON AGRI,FITTING,ASTM FITTING,UH1334,"114.30X42.16MM(4X11/4"")RED SH80(P16)",EA,172.10
ASTM PIPE & FITTING,NON AGRI,FITTING,ASTM FITTING,UH0063,"114.30X48.26MM(4X11/2"")RED SH80(P30)",EA,173.00
ASTM PIPE & FITTING,NON AGRI,FITTING,ASTM FITTING,UH1335,"114.30X48.26MM(4X11/2"")RED SH80(P16)",EA,173.00
ASTM PIPE & FITTING,NON AGRI,FITTING,ASTM FITTING,UH0064,"114.30X60.32MM(4X2"")RED SH80(P30)",EA,177.00
ASTM PIPE & FITTING,NON AGRI,FITTING,ASTM FITTING,UH1336,"114.30X60.32MM(4X2"")RED SH80(P16)",EA,177.00
ASTM PIPE & FITTING,NON AGRI,FITTING,ASTM FITTING,UH0065,"114.30X73.02MM(4X21/2"")RED SH80(P24)",EA,216.60
ASTM PIPE & FITTING,NON AGRI,FITTING,ASTM FITTING,UH1337,"114.30X73.02MM(4X21/2"")RED SH80(P12)",EA,216.60
ASTM PIPE & FITTING,NON AGRI,FITTING,ASTM FITTING,UH0066,"114.30X88.90MM(4X3"")RED SH80(P24)",EA,222.00
ASTM PIPE & FITTING,NON AGRI,FITTING,ASTM FITTING,UH1338,"114.30X88.90MM(4X3"")RED SH80(P14)",EA,222.00
ASTM PIPE & FITTING,NON AGRI,FITTING,ASTM FITTING,US0071,"21.34MM (1/2"")STEP OVER BEND SH80(P72)",EA,41.50
ASTM PIPE & FITTING,NON AGRI,FITTING,ASTM FITTING,US1677,"21.34MM (1/2"")STEP OVER BEND SH80(P36)",EA,41.50
ASTM PIPE & FITTING,NON AGRI,FITTING,ASTM FITTING,US1678,"26.67MM(3/4"")STEP OVER BEND SH80(P40)",EA,60.70
ASTM PIPE & FITTING,NON AGRI,FITTING,ASTM FITTING,US0072,"33.40MM (1"") STEP OVER BEND SH-80 (P24)",EA,93.10
ASTM PIPE & FITTING,NON AGRI,FITTING,ASTM FITTING,US1679,"33.40MM (1"") STEP OVER BEND SH-80 (P16)",EA,93.10
ASTM PIPE & FITTING,NON AGRI,FITTING,ASTM FITTING,US0073,"42.19MM (11/4"")STEP OVER BEND SH80(P12)",EA,159.60
ASTM PIPE & FITTING,NON AGRI,FITTING,ASTM FITTING,US1688,"42.19MM (11/4"")STEP OVER BEND SH80(P6)",EA,159.60
ASTM PIPE & FITTING,NON AGRI,FITTING,ASTM FITTING,US0074,"48.26MM (11/2"")STEP OVER BEND SH80(P25)",EA,216.70
ASTM PIPE & FITTING,NON AGRI,FITTING,ASTM FITTING,US1689,"48.26MM (11/2"")STEP OVER BEND SH80(P10)",EA,216.70
ASTM PIPE & FITTING,NON AGRI,FITTING,ASTM FITTING,US0075,"60.32MM (2"")STEP OVER BEND SH80(P6)",EA,358.90
ASTM PIPE & FITTING,NON AGRI,FITTING,ASTM FITTING,US1699,"60.32MM (2"")STEP OVER BEND SH80(P6)",EA,358.90
ASTM PIPE & FITTING,NON AGRI,FITTING,ASTM FITTING,US0076,"21.34MM(1/2"")TANK NIPPLE(P140)",EA,22.90
ASTM PIPE & FITTING,NON AGRI,FITTING,ASTM FITTING,US1777,"21.34MM(1/2"")TANK NIPPLE(P210)",EA,22.90
ASTM PIPE & FITTING,NON AGRI,FITTING,ASTM FITTING,US0077,"26.67MM(3/4"")TANK NIPPLE(P90)",EA,27.30
ASTM PIPE & FITTING,NON AGRI,FITTING,ASTM FITTING,US1778,"26.67MM(3/4"")TANK NIPPLE(180)",EA,27.30
ASTM PIPE & FITTING,NON AGRI,FITTING,ASTM FITTING,US0078,"33.40MM(1"")TANK NIPPLE(P 50)",EA,37.70
ASTM PIPE & FITTING,NON AGRI,FITTING,ASTM FITTING,US1779,"33.40MM(1"")TANK NIPPLE (P100)",EA,37.70
ASTM PIPE & FITTING,NON AGRI,FITTING,ASTM FITTING,US0079,"42.16MM(11/4"")TANK NIPPLE(P30)",EA,53.50
ASTM PIPE & FITTING,NON AGRI,FITTING,ASTM FITTING,US1788,"42.16MM(11/4"")TANK NIPPLE(P70)",EA,53.50
ASTM PIPE & FITTING,NON AGRI,FITTING,ASTM FITTING,US0080,"48.26MM(11/2"")TANK NIPPLE(P25)",EA,60.50
ASTM PIPE & FITTING,NON AGRI,FITTING,ASTM FITTING,US1789,"48.26MM(11/2"")TANK NIPPLE(P60)",EA,60.50
ASTM PIPE & FITTING,NON AGRI,FITTING,ASTM FITTING,US1799,"60.32MM(2"")TANK NIPPLE(P15)",EA,82.50
ASTM PIPE & FITTING,NON AGRI,FITTING,ASTM FITTING,UH0067,"73.02MM (21/2"") TANK NIPPLE (P32)",EA,154.20
ASTM PIPE & FITTING,NON AGRI,FITTING,ASTM FITTING,UH1339,"73.02MM (21/2"") TANK NIPPLE (P20)",EA,154.20
ASTM PIPE & FITTING,NON AGRI,FITTING,ASTM FITTING,UH0068,"88.90MM (3"") TANK NIPPLE (P20)",EA,232.70
ASTM PIPE & FITTING,NON AGRI,FITTING,ASTM FITTING,UH1344,"88.90MM (3"") TANK NIPPLE (P16)",EA,232.70
ASTM PIPE & FITTING,NON AGRI,FITTING,ASTM FITTING,UH1345,"114.30MM(4"") TANK NIPPLE SH80 (P5)",EA,1310.70
ASTM PIPE & FITTING,NON AGRI,FITTING,ASTM FITTING,US1888,"21.34MM(1/2"")TANK NIPPLE SOCKET END(P300",EA,21.30
ASTM PIPE & FITTING,NON AGRI,FITTING,ASTM FITTING,US1889,"26.67MM(3/4"")TANK NIPPLE SOCKET END(P200",EA,30.60
ASTM PIPE & FITTING,NON AGRI,FITTING,ASTM FITTING,US1899,"33.40MM(1"")TANK NIPPLE SOCKET END(P120)",EA,46.60
ASTM PIPE & FITTING,NON AGRI,FITTING,ASTM FITTING,US1999,"42.16MM(11/4"")TANK NIPPLE SOCKET END(P36",EA,53.50
ASTM PIPE & FITTING,NON AGRI,FITTING,ASTM FITTING,US2222,"48.26MM(11/2"")TANK NIPPLE SOCKET END(P36",EA,60.50
ASTM PIPE & FITTING,NON AGRI,FITTING,ASTM FITTING,US2223,"60.32MM(2"")TANK NIPPLE SOCKET END(P15)",EA,128.30
ASTM PIPE & FITTING,NON AGRI,FITTING,ASTM FITTING,US2224,"21.34MM(1/2"") HEX NIPPLE SH80 (P600)",EA,4.00
ASTM PIPE & FITTING,NON AGRI,FITTING,ASTM FITTING,US2225,"26.67MM(3/4"") HEX NIPPLE SH80 (P500)",EA,6.70
ASTM PIPE & FITTING,NON AGRI,FITTING,ASTM FITTING,US2226,"33.40MM(1"") HEX NIPPLE SH80 (P350)",EA,10.70
ASTM PIPE & FITTING,NON AGRI,FITTING,ASTM FITTING,US2227,"42.16MM(11/4"") HEX NIPPLE SH80 (P200)",EA,17.30
ASTM PIPE & FITTING,NON AGRI,FITTING,ASTM FITTING,US2228,"48.26MM(11/2"") HEX NIPPLE SH80 (P140)",EA,26.00
ASTM PIPE & FITTING,NON AGRI,FITTING,ASTM FITTING,US2229,"60.32MM(2"") HEX NIPPLE SH80 (P40)",EA,41.90
ASTM PIPE & FITTING,NON AGRI,FITTING,ASTM FITTING,US0081,"21.34MM(1/2"")UNION SH80(P100)",EA,28.20
ASTM PIPE & FITTING,NON AGRI,FITTING,ASTM FITTING,US2233,"21.34MM(1/2"")UNION SH80(P200)",EA,28.20
ASTM PIPE & FITTING,NON AGRI,FITTING,ASTM FITTING,US0082,"26.67MM(3/4"")UNION SH80(P64)",EA,36.50
ASTM PIPE & FITTING,NON AGRI,FITTING,ASTM FITTING,US2234,"26.67MM(3/4"")UNION SH80(P128)",EA,36.50
ASTM PIPE & FITTING,NON AGRI,FITTING,ASTM FITTING,US0083,"33.40MM(1"")UNION SH80(P44)",EA,57.50
ASTM PIPE & FITTING,NON AGRI,FITTING,ASTM FITTING,US2235,"33.40MM(1"")UNION SH80(P99)",EA,57.50
ASTM PIPE & FITTING,NON AGRI,FITTING,ASTM FITTING,US2236,"42.16MM(11/4"")UNION SH80(P27)",EA,78.90
ASTM PIPE & FITTING,NON AGRI,FITTING,ASTM FITTING,US2237,"48.26MM(11/2"")UNION SH80(P18)",EA,112.90
ASTM PIPE & FITTING,NON AGRI,FITTING,ASTM FITTING,US2238,"60.32MM(2"")UNION SH80(P10)",EA,162.00
ASTM PIPE & FITTING,NON AGRI,FITTING,ASTM FITTING,UH1346,"73.02MM(21/2"") UNION SH80 (P15)",EA,357.00
ASTM PIPE & FITTING,NON AGRI,FITTING,ASTM FITTING,UH1347,"88.9MM(3"") UNION SH80 (P10)",EA,488.50
ASTM PIPE & FITTING,NON AGRI,FITTING,ASTM FITTING,UH1348,"114.30MM(4"") UNION SH80 (P5)",EA,735.10
ASTM PIPE & FITTING,NON AGRI,FITTING,ASTM FITTING,US2239,"26.67MM(3/4"") NON RETURN VALVE SH80(P36)",EA,195.40
ASTM PIPE & FITTING,NON AGRI,FITTING,ASTM FITTING,US2244,"33.40MM(1"") NON RETURN VALVE SH80(P36)",EA,285.80
ASTM PIPE & FITTING,NON AGRI,FITTING,ASTM FITTING,US2245,"21.34MM(1/2"") SWEEP BEND SH80 (P120)",EA,19.30
ASTM PIPE & FITTING,NON AGRI,FITTING,ASTM FITTING,US2246,"26.67MM(3/4"") SWEEP BEND SH80 (P100)",EA,31.30
ASTM PIPE & FITTING,NON AGRI,FITTING,ASTM FITTING,US2247,"33.40MM(1"") SWEEP BEND SH80 (P50)",EA,51.20
ASTM PIPE & FITTING,NON AGRI,FITTING,ASTM FITTING,US2248,"42.16MM(11/4"") SWEEP BEND SH80 (P30)",EA,86.50
ASTM PIPE & FITTING,NON AGRI,FITTING,ASTM FITTING,US2249,"21.34MM(1/2"")CONVERTER COUPLER UPVC-AGRI",EA,12.00
ASTM PIPE & FITTING,NON AGRI,FITTING,ASTM FITTING,US2255,"33.40MM(1"")CONVERTER COUPLER UPVC-AGRI(P",EA,28.60
ASTM PIPE & FITTING,NON AGRI,FITTING,ASTM FITTING,US2256,"21.34MM(1/2"")CONVERTER COUPLER UPVC-CPVC",EA,15.30
ASTM PIPE & FITTING,NON AGRI,FITTING,ASTM FITTING,US2257,"26.67MM(3/4"")CONVERTER COUPLER UPVC-CPVC",EA,20.70
ASTM PIPE & FITTING,NON AGRI,FITTING,ASTM FITTING,US2258,"33.40MM(1"")CONVERTER COUPLER UPVC-CPVC(P",EA,32.00
ASTM PIPE & FITTING,NON AGRI,FITTING,ASTM FITTING,US2259,"42.16MM(11/4"")CONVERTER COUPLR UPVC-CPVC",EA,49.20
ASTM PIPE & FITTING,NON AGRI,FITTING,ASTM FITTING,US2266,"48.26MM(11/2"")CONVERTER COUPLR UPVC-CPVC",EA,85.80
ASTM PIPE & FITTING,NON AGRI,FITTING,ASTM FITTING,US2267,"1/2""(20) FAUCET VALVE (P180)",EA,81.30
ASTM PIPE & FITTING,NON AGRI,FITTING,ASTM FITTING,US2268,"1/2""(20) FAUCET II VALVE (P180)",EA,76.30
ASTM PIPE & FITTING,NON AGRI,FITTING,ASTM FITTING,US2269,"21.34MM(1/2"")PIPE CLIP(P300)",EA,1.90
ASTM PIPE & FITTING,NON AGRI,FITTING,ASTM FITTING,US0084,"26.67MM(3/4"")PIPE CLIP(P500)",EA,3.40
ASTM PIPE & FITTING,NON AGRI,FITTING,ASTM FITTING,US2277,"26.67MM(3/4"")PIPE CLIP(P1000)",EA,3.40
ASTM PIPE & FITTING,NON AGRI,FITTING,ASTM FITTING,US0085,"33.40MM(1"")PIPE CLIP(P400)",EA,4.20
ASTM PIPE & FITTING,NON AGRI,FITTING,ASTM FITTING,US2278,"33.40MM(1"")PIPE CLIP(P800)",EA,4.20
ASTM PIPE & FITTING,NON AGRI,FITTING,ASTM FITTING,US2279,"42.16MM(11/4"")PIPE CLIP(P250)",EA,4.70
ASTM PIPE & FITTING,NON AGRI,FITTING,ASTM FITTING,US0086,"48.26MM(11/2"")PIPE CLIP(P75)",EA,12.70
ASTM PIPE & FITTING,NON AGRI,FITTING,ASTM FITTING,US2288,"48.26MM(11/2"")PIPE CLIP(P250)",EA,12.70
ASTM PIPE & FITTING,NON AGRI,FITTING,ASTM FITTING,US2289,"60.32MM(2"")PIPE CLIP(P75)",EA,14.80
ASTM PIPE & FITTING,NON AGRI,FITTING,ASTM FITTING,UH0069,"73.02MM(21/2"")PIPE CLIP(P175)",EA,17.50
ASTM PIPE & FITTING,NON AGRI,FITTING,ASTM FITTING,UH1349,"73.02MM(21/2"")PIPE CLIP (P100)",EA,17.50
ASTM PIPE & FITTING,NON AGRI,FITTING,ASTM FITTING,UH0070,"88.90MM(3"")PIPE CLIP(P110)",EA,19.70
ASTM PIPE & FITTING,NON AGRI,FITTING,ASTM FITTING,UH1355,"88.90MM(3"")PIPE CLIP (P88)",EA,19.70
ASTM PIPE & FITTING,NON AGRI,FITTING,ASTM FITTING,UH0071,"114.30MM(4"")PIPE CLIP(P100)",EA,23.30
ASTM PIPE & FITTING,NON AGRI,FITTING,ASTM FITTING,UH1356,"114.30MM(4"")PIPE CLIP (P60)",EA,23.30
ASTM PIPE & FITTING,NON AGRI,FITTING,ASTM FITTING,US0087,"21.34MM (1/2"") THREADED END PLUG (P250)",EA,9.60
ASTM PIPE & FITTING,NON AGRI,FITTING,ASTM FITTING,US2299,"21.34MM (1/2"") THREADED END PLUG (P500)",EA,9.60
ASTM PIPE & FITTING,NON AGRI,FITTING,ASTM FITTING,US2333,"26.67MM (3/4"") THREADED END PLUG (P240)",EA,10.00
ASTM PIPE & FITTING,NON AGRI,FITTING,ASTM FITTING,US2334,"33.40MM(1"") UPVC Y STRAINER SH80 (P36)",EA,766.40
ASTM PIPE & FITTING,NON AGRI,FITTING,ASTM FITTING,US2335,"21.34MM(1/2"") BLUE HANDLE UPVC BV (P500)",EA,15.20
ASTM PIPE & FITTING,NON AGRI,FITTING,ASTM FITTING,US2336,"26.67MM(3/4"") BLUE HANDLE UPVC BV (P360)",EA,19.90
ASTM PIPE & FITTING,NON AGRI,FITTING,ASTM FITTING,US2337,"33.40MM(1"") BLUE HANDLE UPVC BV (P150)",EA,34.20
ASTM PIPE & FITTING,NON AGRI,FITTING,ASTM FITTING,US2338,"42.16MM(11/4"") BLUE HANDLE UPVC BV (P120",EA,41.30
ASTM PIPE & FITTING,NON AGRI,FITTING,ASTM FITTING,US2339,"48.26MM (11/2"") BLUE HANDLE UPVC BV (P90",EA,53.80
ASTM PIPE & FITTING,NON AGRI,FITTING,ASTM FITTING,US2344,"60.32MM(2"") BLUE HANDLE UPVC BV (P32)",EA,97.70
ASTM PIPE & FITTING,METAL,METAL,METAL ACCESSARIES,MA1124,"21.34MM(1/2"")METAL CLAMP ASTM PIPE(P300)",EA,12.30
ASTM PIPE & FITTING,METAL,METAL,METAL ACCESSARIES,MA1125,"26.67MM(3/4"")METAL CLAMP ASTM PIPE(P300)",EA,11.70
ASTM PIPE & FITTING,METAL,METAL,METAL ACCESSARIES,MA1126,"33.40MM(1"")METAL CLAMP ASTM PIPE(P200)",EA,13.50
ASTM PIPE & FITTING,METAL,METAL,METAL ACCESSARIES,MA1127,"42.16MM(11/4"")METAL CLAMP ASTMPIPE(P150)",EA,13.00
ASTM PIPE & FITTING,METAL,METAL,METAL ACCESSARIES,MA1128,"48.26MM(11/2"")METAL CLAMP ASTMPIPE(P150)",EA,14.20
ASTM PIPE & FITTING,METAL,METAL,METAL ACCESSARIES,MA1129,"60.32MM(2"") METAL CLAMP ASTM PIPE (P120)",EA,15.50
,,,,,,,
